artist_id,name,mbid,url,image_url,facebook_page_url,first_seen_at,last_seen_at
15390659,CYTRUS,,https://www.bandsintown.com/a/15390659?came_from=267&app_id=edc08c2d19495acc4a7e80d970773a64,https://photos.bandsintown.com/large/17714562.jpeg,http://www.facebook.com/352296721957898,2026-09-16T01:24:47.494782+00:00,2026-09-16T01:55:39.464839+00:00
15514234,Two Shell,,https://www.bandsintown.com/a/15514234?came_from=267&app_id=edc08c2d19495acc4a7e80d970773a64,https://photos.bandsintown.com/large/13887817.jpeg,,2026-09-16T01:24:48.513656+00:00,2026-09-16T01:57:27.591420+00:00
12760751,Amelie Lens,67db280d-c3e4-49d9-978e-4050f4e209ef,https://www.bandsintown.com/a/12760751?came_from=267&app_id=edc08c2d19495acc4a7e80d970773a64,https://photos.bandsintown.com/large/23364432.jpeg,http://www.facebook.com/1495458747340244,2026-09-16T01:24:49.645882+00:00,2026-09-16T01:55:12.623582+00:00
2062,Z-Trip,03f93de6-6d62-4710-bcc7-9b3d7c3d95f5,https://www.bandsintown.com/a/2062?came_from=267&app_id=edc08c2d19495acc4a7e80d970773a64,https://photos.bandsintown.com/large/8574569.jpeg,http://www.facebook.com/28241475019,2026-09-16T01:24:50.879477+00:00,2026-09-16T01:57:33.598497+00:00
2883392,Richard Vission,0e240099-4c26-4da6-8088-605623476614,https://www.bandsintown.com/a/2883392?came_from=267&app_id=edc08c2d19495acc4a7e80d970773a64,https://photos.bandsintown.com/large/7862968.jpeg,,2026-09-16T01:24:52.077165+00:00,2026-09-16T01:56:58.749730+00:00
13058776,Ninajirachi,6897b46a-9236-4480-9ed7-300f6b85d62f,https://www.bandsintown.com/a/13058776?came_from=267&app_id=edc08c2d19495acc4a7e80d970773a64,https://photos.bandsintown.com/large/20419038.jpeg,http://www.facebook.com/1649054878668909,2026-09-16T01:24:53.061256+00:00,2026-09-16T01:56:42.031203+00:00
8683870,Qrion,ef31e431-bed3-4ff9-844b-feba174cbe2c,https://www.bandsintown.com/a/8683870?came_from=267&app_id=edc08c2d19495acc4a7e80d970773a64,https://photos.bandsintown.com/large/24375805.jpeg,http://www.facebook.com/1496208257318786,2026-09-16T01:24:54.281021+00:00,2026-09-16T01:56:56.469308+00:00
15497083,Massane,,https://www.bandsintown.com/a/15497083?came_from=267&app_id=edc08c2d19495acc4a7e80d970773a64,https://photos.bandsintown.com/large/23113518.jpeg,http://www.facebook.com/101049944741929,2026-09-16T01:24:55.577418+00:00,2026-09-16T01:56:32.532007+00:00
12141718,Ben Sterling,,https://www.bandsintown.com/a/12141718?came_from=267&app_id=edc08c2d19495acc4a7e80d970773a64,https://photos.bandsintown.com/large/23376056.jpeg,http://www.facebook.com/176590499384365,2026-09-16T01:24:56.813782+00:00,2026-09-16T01:55:26.755599+00:00
40828,Lusine,60c5adf1-f014-4cce-a2f0-aa713e84ce77,https://www.bandsintown.com/a/40828?came_from=267&app_id=edc08c2d19495acc4a7e80d970773a64,https://photos.bandsintown.com/large/6373339.jpeg,http://www.facebook.com/276561268164,2026-09-16T01:24:57.656973+00:00,2026-09-16T01:56:28.856478+00:00
132966,Desert Dwellers,a933a8ba-54b3-42d8-b2d8-a5fc5405d015,https://www.bandsintown.com/a/132966?came_from=267&app_id=edc08c2d19495acc4a7e80d970773a64,https://photos.bandsintown.com/large/6185141.jpeg,http://www.facebook.com/101374416098,2026-09-16T01:24:58.851036+00:00,2026-09-16T01:55:44.369522+00:00
15570865,Johnny Chay,,https://www.bandsintown.com/a/15570865?came_from=267&app_id=edc08c2d19495acc4a7e80d970773a64,https://photos.bandsintown.com/large/19697656.jpeg,,2026-09-16T01:25:00.096859+00:00,2026-09-16T01:56:15.598721+00:00
15604306,Mystic Methods,,https://www.bandsintown.com/a/15604306?came_from=267&app_id=edc08c2d19495acc4a7e80d970773a64,https://photos.bandsintown.com/large/22251287.jpeg,,2026-09-16T01:25:01.193659+00:00,2026-09-16T01:56:38.374135+00:00
15554218,Chanpan,,https://www.bandsintown.com/a/15554218?came_from=267&app_id=edc08c2d19495acc4a7e80d970773a64,https://photos.bandsintown.com/large/25376668.jpeg,,2026-09-16T01:25:02.545625+00:00,2026-09-16T01:55:32.466455+00:00
15590290,Blank Sense,,https://www.bandsintown.com/a/15590290?came_from=267&app_id=edc08c2d19495acc4a7e80d970773a64,https://photos.bandsintown.com/large/24318021.jpeg,,2026-09-16T01:25:03.720176+00:00,2026-09-16T01:55:29.107952+00:00
15559410,MGNA Crrrta,dbf58ceb-2acc-439d-b431-867e9a94c46a,https://www.bandsintown.com/a/15559410?came_from=267&app_id=edc08c2d19495acc4a7e80d970773a64,https://photos.bandsintown.com/large/24411208.jpeg,,2026-09-16T01:25:05.005517+00:00,2026-09-16T01:56:33.703907+00:00
1523397,Don Fuego,,https://www.bandsintown.com/a/1523397?came_from=267&app_id=edc08c2d19495acc4a7e80d970773a64,https://photos.bandsintown.com/large/23445096.jpeg,,2026-09-16T01:25:05.973942+00:00,2026-09-16T01:55:49.870926+00:00
15569355,Rowland Giles,,https://www.bandsintown.com/a/15569355?came_from=267&app_id=edc08c2d19495acc4a7e80d970773a64,https://photos.bandsintown.com/large/25285295.jpeg,,2026-09-16T01:25:07.148033+00:00,2026-09-16T01:57:01.064976+00:00
15631081,Skinny Limbs,,https://www.bandsintown.com/a/15631081?came_from=267&app_id=edc08c2d19495acc4a7e80d970773a64,https://photos.bandsintown.com/large/24101854.jpeg,,2026-09-16T01:25:08.111736+00:00,2026-09-16T01:57:10.521900+00:00
11109133,From Clay,,https://www.bandsintown.com/a/11109133?came_from=267&app_id=edc08c2d19495acc4a7e80d970773a64,https://photos.bandsintown.com/large/8258021.jpeg,http://www.facebook.com/1649329415375270,2026-09-16T01:25:09.351642+00:00,2026-09-16T01:25:09.351642+00:00
1294386,Badbwoy BMC,,https://www.bandsintown.com/a/1294386?came_from=267&app_id=edc08c2d19495acc4a7e80d970773a64,https://photos.bandsintown.com/large/25986108.jpeg,,2026-09-16T01:25:10.357375+00:00,2026-09-16T01:55:23.082585+00:00
15649434,Lushreds,,https://www.bandsintown.com/a/15649434?came_from=267&app_id=edc08c2d19495acc4a7e80d970773a64,https://photos.bandsintown.com/large/25221740.jpeg,,2026-09-16T01:25:11.732112+00:00,2026-09-16T01:56:27.599826+00:00
358100,DJ Rockstar Aaron,,https://www.bandsintown.com/a/358100?came_from=267&app_id=edc08c2d19495acc4a7e80d970773a64,https://photos.bandsintown.com/large/21681601.jpeg,http://www.facebook.com/1576191685952706,2026-09-16T01:25:12.827351+00:00,2026-09-16T01:55:47.594941+00:00
3708,3OH!3,125948ec-7f91-4d1a-8b83-accbf50fae3d,https://www.bandsintown.com/a/3708?came_from=267&app_id=edc08c2d19495acc4a7e80d970773a64,https://photos.bandsintown.com/large/25098703.jpeg,http://www.facebook.com/31342311778,2026-09-16T01:25:13.841402+00:00,2026-09-16T01:55:08.905879+00:00
15664610,PETSSS,,https://www.bandsintown.com/a/15664610?came_from=267&app_id=edc08c2d19495acc4a7e80d970773a64,https://photos.bandsintown.com/large/26140838.jpeg,,2026-09-16T01:25:14.829205+00:00,2026-09-16T01:56:54.069126+00:00
15550206,2000s Rave,,https://www.bandsintown.com/a/15550206?came_from=267&app_id=edc08c2d19495acc4a7e80d970773a64,https://photos.bandsintown.com/large/17548973.jpeg,,2026-09-16T01:47:05.360555+00:00,2026-09-16T01:55:08.121198+00:00
15568266,Alemeda,787a4eb5-e9b7-4944-b503-57020255104d,https://www.bandsintown.com/a/15568266?came_from=267&app_id=edc08c2d19495acc4a7e80d970773a64,https://photos.bandsintown.com/large/19233013.jpeg,,2026-09-16T01:47:07.451027+00:00,2026-09-16T01:55:10.218751+00:00
15599335,All The Reason,,https://www.bandsintown.com/a/15599335?came_from=267&app_id=edc08c2d19495acc4a7e80d970773a64,https://photos.bandsintown.com/large/25302018.jpeg,,2026-09-16T01:47:08.553400+00:00,2026-09-16T01:55:11.379370+00:00
15556041,Anastasia Coope,7a9eae8d-cf27-43fc-b803-994abd12d7e1,https://www.bandsintown.com/a/15556041?came_from=267&app_id=edc08c2d19495acc4a7e80d970773a64,https://photos.bandsintown.com/large/17977367.jpeg,,2026-09-16T01:47:10.698971+00:00,2026-09-16T01:55:13.925694+00:00
15523066,Angrybaby,,https://www.bandsintown.com/a/15523066?came_from=267&app_id=edc08c2d19495acc4a7e80d970773a64,https://photos.bandsintown.com/large/24738124.jpeg,http://www.facebook.com/112023975119184,2026-09-16T01:47:11.853832+00:00,2026-09-16T01:55:14.969774+00:00
11820622,ANIMA!,,https://www.bandsintown.com/a/11820622?came_from=267&app_id=edc08c2d19495acc4a7e80d970773a64,https://photos.bandsintown.com/large/21954062.jpeg,http://www.facebook.com/1549708455266880,2026-09-16T01:47:13.073536+00:00,2026-09-16T01:55:16.013997+00:00
15570643,Aodhán King,,https://www.bandsintown.com/a/15570643?came_from=267&app_id=edc08c2d19495acc4a7e80d970773a64,https://photos.bandsintown.com/large/25075875.jpeg,,2026-09-16T01:47:14.326851+00:00,2026-09-16T01:55:17.115808+00:00
15599253,ARKWAVE,,https://www.bandsintown.com/a/15599253?came_from=267&app_id=edc08c2d19495acc4a7e80d970773a64,https://photos.bandsintown.com/large/23913901.jpeg,,2026-09-16T01:47:15.313256+00:00,2026-09-16T01:55:18.243445+00:00
15605039,Arlo,,https://www.bandsintown.com/a/15605039?came_from=267&app_id=edc08c2d19495acc4a7e80d970773a64,https://photos.bandsintown.com/large/25673729.jpeg,,2026-09-16T01:47:16.560267+00:00,2026-09-16T01:55:19.357739+00:00
15557676,Atlas Radio,,https://www.bandsintown.com/a/15557676?came_from=267&app_id=edc08c2d19495acc4a7e80d970773a64,https://photos.bandsintown.com/large/18117571.jpeg,,2026-09-16T01:47:17.607498+00:00,2026-09-16T01:55:20.437121+00:00
1161194,Author & Punisher,,https://www.bandsintown.com/a/1161194?came_from=267&app_id=edc08c2d19495acc4a7e80d970773a64,https://photos.bandsintown.com/large/24648528.jpeg,http://www.facebook.com/193205745964,2026-09-16T01:47:18.883056+00:00,2026-09-16T01:55:21.796694+00:00
4035339,Beach Weather,ddb0a21a-af9f-4333-aa31-214bdaafad37,https://www.bandsintown.com/a/4035339?came_from=267&app_id=edc08c2d19495acc4a7e80d970773a64,https://photos.bandsintown.com/large/22882514.jpeg,http://www.facebook.com/965980196757061,2026-09-16T01:47:21.178807+00:00,2026-09-16T01:55:24.275628+00:00
11339806,Bella Renee,,https://www.bandsintown.com/a/11339806?came_from=267&app_id=edc08c2d19495acc4a7e80d970773a64,https://photos.bandsintown.com/large/25728587.jpeg,http://www.facebook.com/1485180595091711,2026-09-16T01:47:22.400542+00:00,2026-09-16T01:55:25.503736+00:00
261744,Big Gigantic,f6c003f9-4aae-40ce-8e4c-112d9a1b140c,https://www.bandsintown.com/a/261744?came_from=267&app_id=edc08c2d19495acc4a7e80d970773a64,https://photos.bandsintown.com/large/19987499.jpeg,http://www.facebook.com/41439593144,2026-09-16T01:47:24.588813+00:00,2026-09-16T01:55:28.097892+00:00
2956,Bonobo,9a709693-b4f8-4da9-8cc1-038c911a61be,https://www.bandsintown.com/a/2956?came_from=267&app_id=edc08c2d19495acc4a7e80d970773a64,https://photos.bandsintown.com/large/25372985.jpeg,http://www.facebook.com/276326390688,2026-09-16T01:47:27.068499+00:00,2026-09-16T01:55:30.368393+00:00
15524080,Chanel Beads,,https://www.bandsintown.com/a/15524080?came_from=267&app_id=edc08c2d19495acc4a7e80d970773a64,https://photos.bandsintown.com/large/16882296.jpeg,,2026-09-16T01:47:28.228018+00:00,2026-09-16T01:55:31.412534+00:00
15526192,ChaseWest,,https://www.bandsintown.com/a/15526192?came_from=267&app_id=edc08c2d19495acc4a7e80d970773a64,https://photos.bandsintown.com/large/15456785.jpeg,http://www.facebook.com/,2026-09-16T01:47:30.343434+00:00,2026-09-16T01:55:33.510390+00:00
13671822,Chasing Abbey,,https://www.bandsintown.com/a/13671822?came_from=267&app_id=edc08c2d19495acc4a7e80d970773a64,https://photos.bandsintown.com/large/26057799.jpeg,http://www.facebook.com/458497270844752,2026-09-16T01:47:31.564267+00:00,2026-09-16T01:55:34.869734+00:00
11087885,Cloonee,b643c24d-4cd6-4531-88bc-62b39ce43ee1,https://www.bandsintown.com/a/11087885?came_from=267&app_id=edc08c2d19495acc4a7e80d970773a64,https://photos.bandsintown.com/large/22703472.jpeg,http://www.facebook.com/452999944844821,2026-09-16T01:47:32.700195+00:00,2026-09-16T01:55:35.909533+00:00
6100715,Confidence Man,,https://www.bandsintown.com/a/6100715?came_from=267&app_id=edc08c2d19495acc4a7e80d970773a64,https://photos.bandsintown.com/large/17621896.jpeg,http://www.facebook.com/970346429731417,2026-09-16T01:47:33.714400+00:00,2026-09-16T01:55:37.189624+00:00
15606084,Cozy Kev,91751de4-b8cc-4f20-a5cd-6dc9e8094306,https://www.bandsintown.com/a/15606084?came_from=267&app_id=edc08c2d19495acc4a7e80d970773a64,https://photos.bandsintown.com/large/22276499.jpeg,,2026-09-16T01:47:35.076856+00:00,2026-09-16T01:55:38.226683+00:00
13218438,David Hohme,,https://www.bandsintown.com/a/13218438?came_from=267&app_id=edc08c2d19495acc4a7e80d970773a64,https://photos.bandsintown.com/large/14221274.jpeg,http://www.facebook.com/129916458900,2026-09-16T01:47:37.328014+00:00,2026-09-16T01:55:40.686756+00:00
1062457,David Starfire Music,,https://www.bandsintown.com/a/1062457?came_from=267&app_id=edc08c2d19495acc4a7e80d970773a64,https://photos.bandsintown.com/large/26056670.jpeg,http://www.facebook.com/112047554860,2026-09-16T01:47:38.546362+00:00,2026-09-16T01:55:41.909044+00:00
3215104,Deorro,724ffc08-6987-40b0-b107-03bb95a82b80,https://www.bandsintown.com/a/3215104?came_from=267&app_id=edc08c2d19495acc4a7e80d970773a64,https://photos.bandsintown.com/large/17308689.jpeg,http://www.facebook.com/158000680991527,2026-09-16T01:47:39.665204+00:00,2026-09-16T01:55:43.031028+00:00
15351872,Desperate Electric,,https://www.bandsintown.com/a/15351872?came_from=267&app_id=edc08c2d19495acc4a7e80d970773a64,https://photos.bandsintown.com/large/23868890.jpeg,http://www.facebook.com/218546128696505,2026-09-16T01:47:41.908142+00:00,2026-09-16T01:55:45.255857+00:00
13342943,Dizgo,,https://www.bandsintown.com/a/13342943?came_from=267&app_id=edc08c2d19495acc4a7e80d970773a64,https://photos.bandsintown.com/large/25372336.jpeg,,2026-09-16T01:47:43.207818+00:00,2026-09-16T01:55:46.395288+00:00
170233,DOMi & JD BECK,1d703d9a-4636-4156-bcda-f61e0ced8e79,https://www.bandsintown.com/a/170233?came_from=267&app_id=edc08c2d19495acc4a7e80d970773a64,https://photos.bandsintown.com/large/25678105.jpeg,http://www.facebook.com/565331566986742,2026-09-16T01:47:45.479096+00:00,2026-09-16T01:55:48.731897+00:00
15552568,Dr. Ushuu,,https://www.bandsintown.com/a/15552568?came_from=267&app_id=edc08c2d19495acc4a7e80d970773a64,https://photos.bandsintown.com/large/25992111.jpeg,,2026-09-16T01:47:47.634918+00:00,2026-09-16T01:55:50.989577+00:00
88888,Eliot Lipp,7a435f72-9ff0-4a33-b393-9a632d09a79f,https://www.bandsintown.com/a/88888?came_from=267&app_id=edc08c2d19495acc4a7e80d970773a64,https://photos.bandsintown.com/large/25662339.jpeg,http://www.facebook.com/12930285861,2026-09-16T01:47:48.759313+00:00,2026-09-16T01:55:52.155672+00:00
15562310,Eliptek,,https://www.bandsintown.com/a/15562310?came_from=267&app_id=edc08c2d19495acc4a7e80d970773a64,https://photos.bandsintown.com/large/18563415.jpeg,,2026-09-16T01:47:49.936055+00:00,2026-09-16T01:55:53.206870+00:00
15622872,ELLA,,https://www.bandsintown.com/a/15622872?came_from=267&app_id=edc08c2d19495acc4a7e80d970773a64,https://photos.bandsintown.com/large/23490181.jpeg,,2026-09-16T01:47:51.166591+00:00,2026-09-16T01:55:54.482822+00:00
8220201,Erik Deutsch Music,,https://www.bandsintown.com/a/8220201?came_from=267&app_id=edc08c2d19495acc4a7e80d970773a64,https://photos.bandsintown.com/large/15087208.jpeg,http://www.facebook.com/202916963192261,2026-09-16T01:47:52.359129+00:00,2026-09-16T01:55:55.831619+00:00
13601421,Erin Stereo,,https://www.bandsintown.com/a/13601421?came_from=267&app_id=edc08c2d19495acc4a7e80d970773a64,https://photos.bandsintown.com/large/19728499.jpeg,http://www.facebook.com/901369973230476,2026-09-16T01:47:53.610722+00:00,2026-09-16T01:55:56.647281+00:00
2853091,Father Funk,,https://www.bandsintown.com/a/2853091?came_from=267&app_id=edc08c2d19495acc4a7e80d970773a64,https://photos.bandsintown.com/large/14980359.jpeg,,2026-09-16T01:47:54.661466+00:00,2026-09-16T01:55:57.929768+00:00
1584833,Flava D,,https://www.bandsintown.com/a/1584833?came_from=267&app_id=edc08c2d19495acc4a7e80d970773a64,https://photos.bandsintown.com/large/283788.jpeg,,2026-09-16T01:47:56.037244+00:00,2026-09-16T01:55:58.981150+00:00
157014,Four Tet,3bcff06f-675a-451f-9075-99e8657047e8,https://www.bandsintown.com/a/157014?came_from=267&app_id=edc08c2d19495acc4a7e80d970773a64,https://photos.bandsintown.com/large/8656726.jpeg,,2026-09-16T01:47:57.312194+00:00,2026-09-16T01:56:00.247088+00:00
15527934,Free Whenever,,https://www.bandsintown.com/a/15527934?came_from=267&app_id=edc08c2d19495acc4a7e80d970773a64,https://photos.bandsintown.com/large/23950173.jpeg,,2026-09-16T01:47:58.299462+00:00,2026-09-16T01:56:01.600710+00:00
15650153,fromclay,,https://www.bandsintown.com/a/15650153?came_from=267&app_id=edc08c2d19495acc4a7e80d970773a64,https://photos.bandsintown.com/artistLarge.jpg,,2026-09-16T01:47:59.359344+00:00,2026-09-16T01:56:02.546833+00:00
15494535,Future Joy,,https://www.bandsintown.com/a/15494535?came_from=267&app_id=edc08c2d19495acc4a7e80d970773a64,https://photos.bandsintown.com/large/23405148.jpeg,,2026-09-16T01:48:01.332082+00:00,2026-09-16T01:56:03.906553+00:00
2802861,Gentlemens Club,,https://www.bandsintown.com/a/2802861?came_from=267&app_id=edc08c2d19495acc4a7e80d970773a64,https://photos.bandsintown.com/large/9007662.jpeg,http://www.facebook.com/134576090040247,2026-09-16T01:48:01.976335+00:00,2026-09-16T01:56:05.176902+00:00
5679615,George Clanton,,https://www.bandsintown.com/a/5679615?came_from=267&app_id=edc08c2d19495acc4a7e80d970773a64,https://photos.bandsintown.com/large/11238936.jpeg,http://www.facebook.com/17762272589,2026-09-16T01:48:02.916726+00:00,2026-09-16T01:56:06.172939+00:00
691068,Gordi,,https://www.bandsintown.com/a/691068?came_from=267&app_id=edc08c2d19495acc4a7e80d970773a64,https://photos.bandsintown.com/large/25839847.jpeg,http://www.facebook.com/479829752078969,2026-09-16T01:48:04.163961+00:00,2026-09-16T01:56:07.178695+00:00
15607876,Greg Wells,,https://www.bandsintown.com/a/15607876?came_from=267&app_id=edc08c2d19495acc4a7e80d970773a64,https://photos.bandsintown.com/large/25006331.jpeg,,2026-09-16T01:48:05.170640+00:00,2026-09-16T01:56:08.453552+00:00
610195,HENGE,,https://www.bandsintown.com/a/610195?came_from=267&app_id=edc08c2d19495acc4a7e80d970773a64,https://photos.bandsintown.com/large/22308120.jpeg,http://www.facebook.com/1491506997777940,2026-09-16T01:48:06.169829+00:00,2026-09-16T01:56:09.639808+00:00
15593499,Horse Vision,d5c376f9-f657-4323-879e-7c859521af93,https://www.bandsintown.com/a/15593499?came_from=267&app_id=edc08c2d19495acc4a7e80d970773a64,https://photos.bandsintown.com/large/21453126.jpeg,,2026-09-16T01:48:07.258860+00:00,2026-09-16T01:56:10.866125+00:00
10402828,Jaenga,,https://www.bandsintown.com/a/10402828?came_from=267&app_id=edc08c2d19495acc4a7e80d970773a64,https://photos.bandsintown.com/large/17285538.jpeg,http://www.facebook.com/1412216285696900,2026-09-16T01:48:08.492460+00:00,2026-09-16T01:56:12.166790+00:00
15616300,Jay Da Killa,,https://www.bandsintown.com/a/15616300?came_from=267&app_id=edc08c2d19495acc4a7e80d970773a64,https://photos.bandsintown.com/large/23414779.jpeg,,2026-09-16T01:48:09.502212+00:00,2026-09-16T01:56:13.369256+00:00
9440272,Jiqui,,https://www.bandsintown.com/a/9440272?came_from=267&app_id=edc08c2d19495acc4a7e80d970773a64,https://photos.bandsintown.com/large/19831587.jpeg,,2026-09-16T01:48:10.580204+00:00,2026-09-16T01:56:14.401553+00:00
257394,Jungle,6bbb3983-ce8a-4971-96e0-7cae73268fc4,https://www.bandsintown.com/a/257394?came_from=267&app_id=edc08c2d19495acc4a7e80d970773a64,https://photos.bandsintown.com/large/17321002.jpeg,http://www.facebook.com/535379943208357,2026-09-16T01:48:13.020892+00:00,2026-09-16T01:56:16.805310+00:00
15645599,Kawaii Rave,,https://www.bandsintown.com/a/15645599?came_from=267&app_id=edc08c2d19495acc4a7e80d970773a64,https://photos.bandsintown.com/artistLarge.jpg,,2026-09-16T01:48:14.082631+00:00,2026-09-16T01:56:17.875096+00:00
15266918,KDJabove HQ,,https://www.bandsintown.com/a/15266918?came_from=267&app_id=edc08c2d19495acc4a7e80d970773a64,https://photos.bandsintown.com/large/8705875.jpeg,http://www.facebook.com/1293735723984630,2026-09-16T01:48:15.218323+00:00,2026-09-16T01:56:19.006549+00:00
2827604,Killa Kam,,https://www.bandsintown.com/a/2827604?came_from=267&app_id=edc08c2d19495acc4a7e80d970773a64,https://photos.bandsintown.com/artistLarge.jpg,,2026-09-16T01:48:16.376350+00:00,2026-09-16T01:56:20.333035+00:00
15561853,Know Good,2e52e79c-26eb-4e12-9a34-70d3923e4e11,https://www.bandsintown.com/a/15561853?came_from=267&app_id=edc08c2d19495acc4a7e80d970773a64,https://photos.bandsintown.com/large/22854130.jpeg,,2026-09-16T01:48:17.339279+00:00,2026-09-16T01:56:21.531203+00:00
11242356,KR3TURE,c9f373f2-10fe-4ee2-9e44-80d634613e16,https://www.bandsintown.com/a/11242356?came_from=267&app_id=edc08c2d19495acc4a7e80d970773a64,https://photos.bandsintown.com/large/20466958.jpeg,http://www.facebook.com/1486154348266652,2026-09-16T01:48:18.509030+00:00,2026-09-16T01:56:22.789668+00:00
14783028,Lil Skies,8328b279-1863-487b-976a-58a62b85220a,https://www.bandsintown.com/a/14783028?came_from=267&app_id=edc08c2d19495acc4a7e80d970773a64,https://photos.bandsintown.com/large/20425953.jpeg,http://www.facebook.com/1681734165190675,2026-09-16T01:48:19.416304+00:00,2026-09-16T01:56:24.032782+00:00
5072976,Little Miss Nasty,,https://www.bandsintown.com/a/5072976?came_from=267&app_id=edc08c2d19495acc4a7e80d970773a64,https://photos.bandsintown.com/large/26061983.jpeg,http://www.facebook.com/246519418792048,2026-09-16T01:48:20.657627+00:00,2026-09-16T01:56:25.409439+00:00
5484334,Luke the Knife,,https://www.bandsintown.com/a/5484334?came_from=267&app_id=edc08c2d19495acc4a7e80d970773a64,https://photos.bandsintown.com/large/6368465.jpeg,http://www.facebook.com/298707533563717,2026-09-16T01:48:21.767280+00:00,2026-09-16T01:56:26.425109+00:00
11393198,Mariachi Rock Revolution,,https://www.bandsintown.com/a/11393198?came_from=267&app_id=edc08c2d19495acc4a7e80d970773a64,https://photos.bandsintown.com/large/17717958.jpeg,http://www.facebook.com/596417333814457,2026-09-16T01:48:25.254415+00:00,2026-09-16T01:56:30.155081+00:00
5585634,Marshmello,301b45a4-b8b9-410e-8344-4b4eaf96691a,https://www.bandsintown.com/a/5585634?came_from=267&app_id=edc08c2d19495acc4a7e80d970773a64,https://photos.bandsintown.com/large/18403885.jpeg,http://www.facebook.com/924362607582271,2026-09-16T01:48:26.320482+00:00,2026-09-16T01:56:31.354527+00:00
6038498,MickMan,,https://www.bandsintown.com/a/6038498?came_from=267&app_id=edc08c2d19495acc4a7e80d970773a64,https://photos.bandsintown.com/artistLarge.jpg,,2026-09-16T01:48:29.787582+00:00,2026-09-16T01:56:34.818503+00:00
15393755,Mindchatter,,https://www.bandsintown.com/a/15393755?came_from=267&app_id=edc08c2d19495acc4a7e80d970773a64,https://photos.bandsintown.com/large/23388939.jpeg,,2026-09-16T01:48:30.801970+00:00,2026-09-16T01:56:36.199090+00:00
15539907,Motifv,,https://www.bandsintown.com/a/15539907?came_from=267&app_id=edc08c2d19495acc4a7e80d970773a64,https://photos.bandsintown.com/large/23657426.jpeg,http://www.facebook.com/833674980156606,2026-09-16T01:48:31.870019+00:00,2026-09-16T01:56:37.412873+00:00
15537445,Māh Ze Tār,,https://www.bandsintown.com/a/15537445?came_from=267&app_id=edc08c2d19495acc4a7e80d970773a64,https://photos.bandsintown.com/large/23472535.jpeg,,2026-09-16T01:48:34.484918+00:00,2026-09-16T01:56:39.574466+00:00
14521907,NIIKO X SWAE,,https://www.bandsintown.com/a/14521907?came_from=267&app_id=edc08c2d19495acc4a7e80d970773a64,https://photos.bandsintown.com/large/24345864.jpeg,http://www.facebook.com/1820913511520856,2026-09-16T01:48:35.576112+00:00,2026-09-16T01:56:40.658613+00:00
15556979,Nu Bass Theory,,https://www.bandsintown.com/a/15556979?came_from=267&app_id=edc08c2d19495acc4a7e80d970773a64,https://photos.bandsintown.com/large/18045885.jpeg,,2026-09-16T01:48:38.154066+00:00,2026-09-16T01:56:43.293722+00:00
5410093,Octave Cat,,https://www.bandsintown.com/a/5410093?came_from=267&app_id=edc08c2d19495acc4a7e80d970773a64,https://photos.bandsintown.com/large/7365699.jpeg,http://www.facebook.com/605540692944032,2026-09-16T01:48:39.198860+00:00,2026-09-16T01:56:44.588160+00:00
15664689,officialSparky,,https://www.bandsintown.com/a/15664689?came_from=267&app_id=edc08c2d19495acc4a7e80d970773a64,https://photos.bandsintown.com/large/26145471.jpeg,,2026-09-16T01:48:40.264054+00:00,2026-09-16T01:56:45.645518+00:00
11886611,Oliverse,,https://www.bandsintown.com/a/11886611?came_from=267&app_id=edc08c2d19495acc4a7e80d970773a64,https://photos.bandsintown.com/large/23190485.jpeg,,2026-09-16T01:48:41.302177+00:00,2026-09-16T01:56:46.917182+00:00
307860,opiuo,d768c6d7-cbb6-4089-a0ce-76186d314dd7,https://www.bandsintown.com/a/307860?came_from=267&app_id=edc08c2d19495acc4a7e80d970773a64,https://photos.bandsintown.com/large/9326393.jpeg,http://www.facebook.com/18510635068,2026-09-16T01:48:42.694593+00:00,2026-09-16T01:56:48.118162+00:00
15517919,Oppidan,,https://www.bandsintown.com/a/15517919?came_from=267&app_id=edc08c2d19495acc4a7e80d970773a64,https://photos.bandsintown.com/large/24551318.jpeg,,2026-09-16T01:48:43.596334+00:00,2026-09-16T01:56:49.141009+00:00
9916793,Ours Samplus,,https://www.bandsintown.com/a/9916793?came_from=267&app_id=edc08c2d19495acc4a7e80d970773a64,https://photos.bandsintown.com/large/20824427.jpeg,,2026-09-16T01:48:44.635887+00:00,2026-09-16T01:56:50.431330+00:00
6633802,Peekaboo,,https://www.bandsintown.com/a/6633802?came_from=267&app_id=edc08c2d19495acc4a7e80d970773a64,https://photos.bandsintown.com/large/15637425.jpeg,,2026-09-16T01:48:46.021015+00:00,2026-09-16T01:56:51.534403+00:00
237265,Pendulum DJ Set,,https://www.bandsintown.com/a/237265?came_from=267&app_id=edc08c2d19495acc4a7e80d970773a64,https://photos.bandsintown.com/large/12614407.jpeg,,2026-09-16T01:48:47.139438+00:00,2026-09-16T01:56:52.806677+00:00
4364,Pink Martini,113e0972-077f-423b-9b5f-3cc8a5bafa0f,https://www.bandsintown.com/a/4364?came_from=267&app_id=edc08c2d19495acc4a7e80d970773a64,https://photos.bandsintown.com/large/25568640.jpeg,http://www.facebook.com/34053625367,2026-09-16T01:48:49.334797+00:00,2026-09-16T01:56:55.292853+00:00
8877674,Resonant Language,,https://www.bandsintown.com/a/8877674?came_from=267&app_id=edc08c2d19495acc4a7e80d970773a64,https://photos.bandsintown.com/large/8608942.jpeg,http://www.facebook.com/146004152076408,2026-09-16T01:48:51.643898+00:00,2026-09-16T01:56:57.701399+00:00
219361,Ross,9538ab80-dcbf-4b94-a0cf-e5d1fbbc42c9,https://www.bandsintown.com/a/219361?came_from=267&app_id=edc08c2d19495acc4a7e80d970773a64,https://photos.bandsintown.com/large/277040.jpeg,http://www.facebook.com/107090599359980,2026-09-16T01:48:53.956216+00:00,2026-09-16T01:57:00.035204+00:00
15523633,Sam Alfred,,https://www.bandsintown.com/a/15523633?came_from=267&app_id=edc08c2d19495acc4a7e80d970773a64,https://photos.bandsintown.com/artistLarge.jpg,,2026-09-16T01:48:56.209983+00:00,2026-09-16T01:57:02.214785+00:00
8916993,Sam Feldt,46a6ca47-43b3-4ac4-82ee-189cc5ad549b,https://www.bandsintown.com/a/8916993?came_from=267&app_id=edc08c2d19495acc4a7e80d970773a64,https://photos.bandsintown.com/large/26118750.jpeg,http://www.facebook.com/299227113551816,2026-09-16T01:48:57.561023+00:00,2026-09-16T01:57:03.261342+00:00
14827412,Sammy Virji,e23abc5f-478a-4594-ad18-b3805b3c5316,https://www.bandsintown.com/a/14827412?came_from=267&app_id=edc08c2d19495acc4a7e80d970773a64,https://photos.bandsintown.com/large/24003177.jpeg,http://www.facebook.com/944536715677035,2026-09-16T01:48:58.803714+00:00,2026-09-16T01:57:04.527828+00:00
13497965,Sara Landry,e7891efe-8326-4b04-bbc4-1271da101932,https://www.bandsintown.com/a/13497965?came_from=267&app_id=edc08c2d19495acc4a7e80d970773a64,https://photos.bandsintown.com/large/24779609.jpeg,http://www.facebook.com/856043331189946,2026-09-16T01:49:00.183065+00:00,2026-09-16T01:57:05.799539+00:00
15563609,Schmoop,,https://www.bandsintown.com/a/15563609?came_from=267&app_id=edc08c2d19495acc4a7e80d970773a64,https://photos.bandsintown.com/large/22199252.jpeg,,2026-09-16T01:49:01.068578+00:00,2026-09-16T01:57:06.937499+00:00
1187544,shares,,https://www.bandsintown.com/a/1187544?came_from=267&app_id=edc08c2d19495acc4a7e80d970773a64,https://photos.bandsintown.com/large/25916411.jpeg,,2026-09-16T01:49:02.275409+00:00,2026-09-16T01:57:08.029088+00:00
15472581,Sight After Dark,,https://www.bandsintown.com/a/15472581?came_from=267&app_id=edc08c2d19495acc4a7e80d970773a64,https://photos.bandsintown.com/large/25945755.jpeg,,2026-09-16T01:49:03.475398+00:00,2026-09-16T01:57:09.239648+00:00
3293449,Sub Urban,9ba6d6c4-12fd-4500-a5d7-7d85fe4ee2b9,https://www.bandsintown.com/a/3293449?came_from=267&app_id=edc08c2d19495acc4a7e80d970773a64,https://photos.bandsintown.com/large/23306055.jpeg,http://www.facebook.com/1590446201282254,2026-09-16T01:49:05.949644+00:00,2026-09-16T01:57:11.563311+00:00
51758,Sunn O))),1d3da898-4fb4-4445-b704-cd7315e01789,https://www.bandsintown.com/a/51758?came_from=267&app_id=edc08c2d19495acc4a7e80d970773a64,https://photos.bandsintown.com/large/25958710.jpeg,,2026-09-16T01:49:06.907292+00:00,2026-09-16T01:57:12.605554+00:00
15581629,Supergloss,a2d127d8-c15d-4d8b-9e4b-338264ed1a40,https://www.bandsintown.com/a/15581629?came_from=267&app_id=edc08c2d19495acc4a7e80d970773a64,https://photos.bandsintown.com/large/20763797.jpeg,,2026-09-16T01:49:08.068636+00:00,2026-09-16T01:57:13.745045+00:00
15536339,Tape B,cdee470d-8167-4c15-808e-c4ce7fa3d6e7,https://www.bandsintown.com/a/15536339?came_from=267&app_id=edc08c2d19495acc4a7e80d970773a64,https://photos.bandsintown.com/large/24910083.jpeg,,2026-09-16T01:49:09.324611+00:00,2026-09-16T01:57:15.006053+00:00
2335724,Taste Nate,,https://www.bandsintown.com/a/2335724?came_from=267&app_id=edc08c2d19495acc4a7e80d970773a64,https://photos.bandsintown.com/large/18028288.jpeg,,2026-09-16T01:49:10.525919+00:00,2026-09-16T01:57:16.074103+00:00
706730,Temples,1916fc94-bf9c-4ba2-90b0-22ebb5444d57,https://www.bandsintown.com/a/706730?came_from=267&app_id=edc08c2d19495acc4a7e80d970773a64,https://photos.bandsintown.com/large/24369173.jpeg,http://www.facebook.com/349686471771236,2026-09-16T01:49:11.725901+00:00,2026-09-16T01:57:17.439408+00:00
4516165,The Black Queen,,https://www.bandsintown.com/a/4516165?came_from=267&app_id=edc08c2d19495acc4a7e80d970773a64,https://photos.bandsintown.com/large/8750743.jpeg,http://www.facebook.com/147874538599207,2026-09-16T01:49:12.708445+00:00,2026-09-16T01:57:18.309834+00:00
1227948,The Funk Hunters,,https://www.bandsintown.com/a/1227948?came_from=267&app_id=edc08c2d19495acc4a7e80d970773a64,https://photos.bandsintown.com/large/8655032.jpeg,http://www.facebook.com/106665952715119,2026-09-16T01:49:14.031064+00:00,2026-09-16T01:57:19.726043+00:00
3060819,The Parlor Pickers,,https://www.bandsintown.com/a/3060819?came_from=267&app_id=edc08c2d19495acc4a7e80d970773a64,https://photos.bandsintown.com/large/6049852.jpeg,http://www.facebook.com/231079893660082,2026-09-16T01:49:15.091251+00:00,2026-09-16T01:57:20.996186+00:00
8284,The Polish Ambassador,e9787dd2-5857-4b51-8e59-a190a54820fc,https://www.bandsintown.com/a/8284?came_from=267&app_id=edc08c2d19495acc4a7e80d970773a64,https://photos.bandsintown.com/large/22929282.jpeg,http://www.facebook.com/121314240581,2026-09-16T01:49:16.158509+00:00,2026-09-16T01:57:21.972912+00:00
57551,The Tear Garden,57928ae9-5742-408f-b953-9e1c8110b405,https://www.bandsintown.com/a/57551?came_from=267&app_id=edc08c2d19495acc4a7e80d970773a64,https://photos.bandsintown.com/large/25058697.jpeg,http://www.facebook.com/1758971644361564,2026-09-16T01:49:17.200618+00:00,2026-09-16T01:57:23.393827+00:00
4414600,Thought Process,1666ed7f-c66d-491a-874a-1536385d5267,https://www.bandsintown.com/a/4414600?came_from=267&app_id=edc08c2d19495acc4a7e80d970773a64,https://photos.bandsintown.com/large/20914972.jpeg,http://www.facebook.com/119488712061965,2026-09-16T01:49:18.474453+00:00,2026-09-16T01:57:24.458749+00:00
8331524,TR/ST,b8e3d1ae-5983-4af1-b226-aa009b294111,https://www.bandsintown.com/a/8331524?came_from=267&app_id=edc08c2d19495acc4a7e80d970773a64,https://photos.bandsintown.com/large/25566132.jpeg,http://www.facebook.com/199243743420731,2026-09-16T01:49:19.804205+00:00,2026-09-16T01:57:25.370530+00:00
15620755,Travel kit,,https://www.bandsintown.com/a/15620755?came_from=267&app_id=edc08c2d19495acc4a7e80d970773a64,https://photos.bandsintown.com/large/24853697.jpeg,,2026-09-16T01:49:20.757573+00:00,2026-09-16T01:57:26.534344+00:00
15470880,Vincent Antone,,https://www.bandsintown.com/a/15470880?came_from=267&app_id=edc08c2d19495acc4a7e80d970773a64,https://photos.bandsintown.com/large/11549343.jpeg,,2026-09-16T01:49:23.109272+00:00,2026-09-16T01:57:28.944682+00:00
5487881,XaeboR,,https://www.bandsintown.com/a/5487881?came_from=267&app_id=edc08c2d19495acc4a7e80d970773a64,https://photos.bandsintown.com/large/8050791.jpeg,http://www.facebook.com/514462405234435,2026-09-16T01:49:24.158000+00:00,2026-09-16T01:57:30.055619+00:00
917982,Yaima,6c40515b-918b-48c3-829f-abbeb7a9ca85,https://www.bandsintown.com/a/917982?came_from=267&app_id=edc08c2d19495acc4a7e80d970773a64,https://photos.bandsintown.com/large/23512050.jpeg,http://www.facebook.com/1405542863054620,2026-09-16T01:49:25.207129+00:00,2026-09-16T01:57:31.299615+00:00
1019951,Yak Attack,,https://www.bandsintown.com/a/1019951?came_from=267&app_id=edc08c2d19495acc4a7e80d970773a64,https://photos.bandsintown.com/large/19116064.jpeg,http://www.facebook.com/351702194871739,2026-09-16T01:49:26.359915+00:00,2026-09-16T01:57:32.392258+00:00
1588976,ZHU,eca0569c-877e-4d72-a280-90581c2adfd5,https://www.bandsintown.com/a/1588976?came_from=267&app_id=edc08c2d19495acc4a7e80d970773a64,https://photos.bandsintown.com/large/23689424.jpeg,http://www.facebook.com/139179076109361,2026-09-16T01:49:28.697143+00:00,2026-09-16T01:57:34.434155+00:00
