artist_id,source,tag,weight,fetched_at
3708,musicbrainz-genre,alternative dance,1.0,2026-09-16T02:00:51.937711+00:00
3708,musicbrainz-genre,alternative hip hop,1.0,2026-09-16T02:00:51.937711+00:00
3708,musicbrainz-genre,crunkcore,2.0,2026-09-16T02:00:51.937711+00:00
3708,musicbrainz-genre,dance-pop,1.0,2026-09-16T02:00:51.937711+00:00
3708,musicbrainz-genre,electro hop,1.0,2026-09-16T02:00:51.937711+00:00
3708,musicbrainz-genre,electronic,2.0,2026-09-16T02:00:51.937711+00:00
3708,musicbrainz-genre,electronic rock,1.0,2026-09-16T02:00:51.937711+00:00
3708,musicbrainz-genre,electropop,2.0,2026-09-16T02:00:51.937711+00:00
3708,musicbrainz-genre,hip hop,1.0,2026-09-16T02:00:51.937711+00:00
3708,musicbrainz-genre,pop,2.0,2026-09-16T02:00:51.937711+00:00
3708,musicbrainz-genre,pop rap,1.0,2026-09-16T02:00:51.937711+00:00
3708,musicbrainz-genre,pop rock,1.0,2026-09-16T02:00:51.937711+00:00
3708,musicbrainz-genre,synth-pop,3.0,2026-09-16T02:00:51.937711+00:00
3708,musicbrainz-genre,underground hip hop,1.0,2026-09-16T02:00:51.937711+00:00
3708,musicbrainz-tag,2010s,1.0,2026-09-16T02:00:51.937711+00:00
3708,musicbrainz-tag,alternative,1.0,2026-09-16T02:00:51.937711+00:00
3708,musicbrainz-tag,alternative dance,1.0,2026-09-16T02:00:51.937711+00:00
3708,musicbrainz-tag,alternative hip hop,1.0,2026-09-16T02:00:51.937711+00:00
3708,musicbrainz-tag,crunkcore,2.0,2026-09-16T02:00:51.937711+00:00
3708,musicbrainz-tag,dance-pop,1.0,2026-09-16T02:00:51.937711+00:00
3708,musicbrainz-tag,electro hop,1.0,2026-09-16T02:00:51.937711+00:00
3708,musicbrainz-tag,electronic,2.0,2026-09-16T02:00:51.937711+00:00
3708,musicbrainz-tag,electronic rock,1.0,2026-09-16T02:00:51.937711+00:00
3708,musicbrainz-tag,electropop,2.0,2026-09-16T02:00:51.937711+00:00
3708,musicbrainz-tag,hip hop,1.0,2026-09-16T02:00:51.937711+00:00
3708,musicbrainz-tag,pop,2.0,2026-09-16T02:00:51.937711+00:00
3708,musicbrainz-tag,pop rap,1.0,2026-09-16T02:00:51.937711+00:00
3708,musicbrainz-tag,pop rock,1.0,2026-09-16T02:00:51.937711+00:00
3708,musicbrainz-tag,synth-pop,3.0,2026-09-16T02:00:51.937711+00:00
3708,musicbrainz-tag,underground hip hop,1.0,2026-09-16T02:00:51.937711+00:00
12760751,musicbrainz-genre,dance,1.0,2026-09-16T02:00:51.937711+00:00
12760751,musicbrainz-genre,electronic,1.0,2026-09-16T02:00:51.937711+00:00
12760751,musicbrainz-genre,techno,2.0,2026-09-16T02:00:51.937711+00:00
12760751,musicbrainz-tag,dance,1.0,2026-09-16T02:00:51.937711+00:00
12760751,musicbrainz-tag,electronic,1.0,2026-09-16T02:00:51.937711+00:00
12760751,musicbrainz-tag,techno,2.0,2026-09-16T02:00:51.937711+00:00
15554218,musicbrainz-genre,alternative pop,1.0,2026-09-16T02:00:51.937711+00:00
15554218,musicbrainz-genre,breakcore,1.0,2026-09-16T02:00:51.937711+00:00
15554218,musicbrainz-genre,drum and bass,1.0,2026-09-16T02:00:51.937711+00:00
15554218,musicbrainz-genre,electronic,2.0,2026-09-16T02:00:51.937711+00:00
15554218,musicbrainz-genre,pop,2.0,2026-09-16T02:00:51.937711+00:00
15554218,musicbrainz-tag,alternative pop,1.0,2026-09-16T02:00:51.937711+00:00
15554218,musicbrainz-tag,breakcore,1.0,2026-09-16T02:00:51.937711+00:00
15554218,musicbrainz-tag,drum & bass,1.0,2026-09-16T02:00:51.937711+00:00
15554218,musicbrainz-tag,drum and bass,1.0,2026-09-16T02:00:51.937711+00:00
15554218,musicbrainz-tag,electronic,2.0,2026-09-16T02:00:51.937711+00:00
15554218,musicbrainz-tag,pop,2.0,2026-09-16T02:00:51.937711+00:00
132966,musicbrainz-genre,downtempo,3.0,2026-09-16T02:00:51.937711+00:00
132966,musicbrainz-genre,psybient,1.0,2026-09-16T02:00:51.937711+00:00
132966,musicbrainz-genre,psytrance,1.0,2026-09-16T02:00:51.937711+00:00
132966,musicbrainz-tag,downtempo,3.0,2026-09-16T02:00:51.937711+00:00
132966,musicbrainz-tag,psybient,1.0,2026-09-16T02:00:51.937711+00:00
132966,musicbrainz-tag,psytrance,1.0,2026-09-16T02:00:51.937711+00:00
40828,musicbrainz-genre,ambient,3.0,2026-09-16T02:00:51.937711+00:00
40828,musicbrainz-genre,downtempo,3.0,2026-09-16T02:00:51.937711+00:00
40828,musicbrainz-genre,electronic,1.0,2026-09-16T02:00:51.937711+00:00
40828,musicbrainz-genre,glitch,1.0,2026-09-16T02:00:51.937711+00:00
40828,musicbrainz-genre,glitch pop,1.0,2026-09-16T02:00:51.937711+00:00
40828,musicbrainz-genre,idm,3.0,2026-09-16T02:00:51.937711+00:00
40828,musicbrainz-genre,indietronica,1.0,2026-09-16T02:00:51.937711+00:00
40828,musicbrainz-genre,microhouse,2.0,2026-09-16T02:00:51.937711+00:00
40828,musicbrainz-tag,ambient,3.0,2026-09-16T02:00:51.937711+00:00
40828,musicbrainz-tag,downtempo,3.0,2026-09-16T02:00:51.937711+00:00
40828,musicbrainz-tag,electronic,1.0,2026-09-16T02:00:51.937711+00:00
40828,musicbrainz-tag,glitch,1.0,2026-09-16T02:00:51.937711+00:00
40828,musicbrainz-tag,glitch pop,1.0,2026-09-16T02:00:51.937711+00:00
40828,musicbrainz-tag,idm,3.0,2026-09-16T02:00:51.937711+00:00
40828,musicbrainz-tag,indietronica,1.0,2026-09-16T02:00:51.937711+00:00
40828,musicbrainz-tag,microhouse,2.0,2026-09-16T02:00:51.937711+00:00
13058776,musicbrainz-genre,bubblegum bass,1.0,2026-09-16T02:00:51.937711+00:00
13058776,musicbrainz-genre,complextro,1.0,2026-09-16T02:00:51.937711+00:00
13058776,musicbrainz-genre,edm,4.0,2026-09-16T02:00:51.937711+00:00
13058776,musicbrainz-genre,electro house,1.0,2026-09-16T02:00:51.937711+00:00
13058776,musicbrainz-genre,electronic,2.0,2026-09-16T02:00:51.937711+00:00
13058776,musicbrainz-genre,electropop,2.0,2026-09-16T02:00:51.937711+00:00
13058776,musicbrainz-genre,trance,1.0,2026-09-16T02:00:51.937711+00:00
13058776,musicbrainz-tag,bubblegum bass,1.0,2026-09-16T02:00:51.937711+00:00
13058776,musicbrainz-tag,complextro,1.0,2026-09-16T02:00:51.937711+00:00
13058776,musicbrainz-tag,edm,4.0,2026-09-16T02:00:51.937711+00:00
13058776,musicbrainz-tag,electro house,1.0,2026-09-16T02:00:51.937711+00:00
13058776,musicbrainz-tag,electronic,2.0,2026-09-16T02:00:51.937711+00:00
13058776,musicbrainz-tag,electropop,2.0,2026-09-16T02:00:51.937711+00:00
13058776,musicbrainz-tag,trance,1.0,2026-09-16T02:00:51.937711+00:00
8683870,musicbrainz-genre,deep house,1.0,2026-09-16T02:00:51.937711+00:00
8683870,musicbrainz-tag,deep house,1.0,2026-09-16T02:00:51.937711+00:00
15569355,musicbrainz-genre,dance,1.0,2026-09-16T02:00:51.937711+00:00
15569355,musicbrainz-genre,deep house,1.0,2026-09-16T02:00:51.937711+00:00
15569355,musicbrainz-genre,edm,1.0,2026-09-16T02:00:51.937711+00:00
15569355,musicbrainz-genre,melodic house,1.0,2026-09-16T02:00:51.937711+00:00
15569355,musicbrainz-genre,melodic techno,1.0,2026-09-16T02:00:51.937711+00:00
15569355,musicbrainz-genre,pop,1.0,2026-09-16T02:00:51.937711+00:00
15569355,musicbrainz-genre,progressive house,1.0,2026-09-16T02:00:51.937711+00:00
15569355,musicbrainz-genre,trance,1.0,2026-09-16T02:00:51.937711+00:00
15569355,musicbrainz-tag,dance,1.0,2026-09-16T02:00:51.937711+00:00
15569355,musicbrainz-tag,deep house,1.0,2026-09-16T02:00:51.937711+00:00
15569355,musicbrainz-tag,edm,1.0,2026-09-16T02:00:51.937711+00:00
15569355,musicbrainz-tag,melodic house,1.0,2026-09-16T02:00:51.937711+00:00
15569355,musicbrainz-tag,melodic techno,1.0,2026-09-16T02:00:51.937711+00:00
15569355,musicbrainz-tag,pop,1.0,2026-09-16T02:00:51.937711+00:00
15569355,musicbrainz-tag,progressive house,1.0,2026-09-16T02:00:51.937711+00:00
15569355,musicbrainz-tag,trance,1.0,2026-09-16T02:00:51.937711+00:00
15514234,musicbrainz-genre,electronic,1.0,2026-09-16T02:00:51.937711+00:00
15514234,musicbrainz-tag,ai,2.0,2026-09-16T02:00:51.937711+00:00
15514234,musicbrainz-tag,electronic,1.0,2026-09-16T02:00:51.937711+00:00
2062,musicbrainz-genre,turntablism,1.0,2026-09-16T02:00:51.937711+00:00
2062,musicbrainz-tag,fixme,1.0,2026-09-16T02:00:51.937711+00:00
2062,musicbrainz-tag,hiphop,1.0,2026-09-16T02:00:51.937711+00:00
2062,musicbrainz-tag,mash-up,1.0,2026-09-16T02:00:51.937711+00:00
2062,musicbrainz-tag,mashup,1.0,2026-09-16T02:00:51.937711+00:00
2062,musicbrainz-tag,mashups should follow mashupstyle!,1.0,2026-09-16T02:00:51.937711+00:00
2062,musicbrainz-tag,mess,1.0,2026-09-16T02:00:51.937711+00:00
2062,musicbrainz-tag,turntablism,1.0,2026-09-16T02:00:51.937711+00:00
15605039,musicbrainz-genre,folk,1.0,2026-09-16T02:15:25.255292+00:00
15605039,musicbrainz-tag,folk,1.0,2026-09-16T02:15:25.255292+00:00
1161194,musicbrainz-genre,doom metal,3.0,2026-09-16T02:15:25.255292+00:00
1161194,musicbrainz-genre,drone,1.0,2026-09-16T02:15:25.255292+00:00
1161194,musicbrainz-genre,experimental,1.0,2026-09-16T02:15:25.255292+00:00
1161194,musicbrainz-genre,industrial,3.0,2026-09-16T02:15:25.255292+00:00
1161194,musicbrainz-genre,noise,1.0,2026-09-16T02:15:25.255292+00:00
1161194,musicbrainz-tag,doom metal,3.0,2026-09-16T02:15:25.255292+00:00
1161194,musicbrainz-tag,drone,1.0,2026-09-16T02:15:25.255292+00:00
1161194,musicbrainz-tag,experimental,1.0,2026-09-16T02:15:25.255292+00:00
1161194,musicbrainz-tag,industrial,3.0,2026-09-16T02:15:25.255292+00:00
1161194,musicbrainz-tag,noise,1.0,2026-09-16T02:15:25.255292+00:00
4035339,musicbrainz-genre,rock and roll,1.0,2026-09-16T02:15:25.255292+00:00
4035339,musicbrainz-tag,rock and roll,1.0,2026-09-16T02:15:25.255292+00:00
261744,musicbrainz-genre,dance,1.0,2026-09-16T02:15:25.255292+00:00
261744,musicbrainz-genre,electronic,1.0,2026-09-16T02:15:25.255292+00:00
261744,musicbrainz-tag,dance,1.0,2026-09-16T02:15:25.255292+00:00
261744,musicbrainz-tag,electronic,1.0,2026-09-16T02:15:25.255292+00:00
2956,musicbrainz-genre,acid jazz,1.0,2026-09-16T02:15:25.255292+00:00
2956,musicbrainz-genre,downtempo,13.0,2026-09-16T02:15:25.255292+00:00
2956,musicbrainz-genre,electronic,6.0,2026-09-16T02:15:25.255292+00:00
2956,musicbrainz-genre,electronica,5.0,2026-09-16T02:15:25.255292+00:00
2956,musicbrainz-genre,nu jazz,3.0,2026-09-16T02:15:25.255292+00:00
2956,musicbrainz-genre,trip hop,7.0,2026-09-16T02:15:25.255292+00:00
2956,musicbrainz-tag,acid jazz,1.0,2026-09-16T02:15:25.255292+00:00
2956,musicbrainz-tag,downtempo,13.0,2026-09-16T02:15:25.255292+00:00
2956,musicbrainz-tag,electronic,6.0,2026-09-16T02:15:25.255292+00:00
2956,musicbrainz-tag,electronica,5.0,2026-09-16T02:15:25.255292+00:00
2956,musicbrainz-tag,nu jazz,3.0,2026-09-16T02:15:25.255292+00:00
2956,musicbrainz-tag,trip hop,7.0,2026-09-16T02:15:25.255292+00:00
2956,musicbrainz-tag,world music,1.0,2026-09-16T02:15:25.255292+00:00
6100715,musicbrainz-genre,alternative dance,2.0,2026-09-16T02:15:25.255292+00:00
6100715,musicbrainz-genre,dance-pop,2.0,2026-09-16T02:15:25.255292+00:00
6100715,musicbrainz-genre,electropop,1.0,2026-09-16T02:15:25.255292+00:00
6100715,musicbrainz-genre,house,1.0,2026-09-16T02:15:25.255292+00:00
6100715,musicbrainz-genre,new rave,1.0,2026-09-16T02:15:25.255292+00:00
6100715,musicbrainz-genre,nu disco,2.0,2026-09-16T02:15:25.255292+00:00
6100715,musicbrainz-tag,alternative dance,2.0,2026-09-16T02:15:25.255292+00:00
6100715,musicbrainz-tag,dance-pop,2.0,2026-09-16T02:15:25.255292+00:00
6100715,musicbrainz-tag,electropop,1.0,2026-09-16T02:15:25.255292+00:00
6100715,musicbrainz-tag,house,1.0,2026-09-16T02:15:25.255292+00:00
6100715,musicbrainz-tag,new rave,1.0,2026-09-16T02:15:25.255292+00:00
6100715,musicbrainz-tag,nu disco,2.0,2026-09-16T02:15:25.255292+00:00
13218438,musicbrainz-genre,deep house,3.0,2026-09-16T02:15:25.255292+00:00
13218438,musicbrainz-genre,deep tech,2.0,2026-09-16T02:15:25.255292+00:00
13218438,musicbrainz-genre,downtempo,2.0,2026-09-16T02:15:25.255292+00:00
13218438,musicbrainz-genre,edm,2.0,2026-09-16T02:15:25.255292+00:00
13218438,musicbrainz-genre,electronica,2.0,2026-09-16T02:15:25.255292+00:00
13218438,musicbrainz-genre,house,2.0,2026-09-16T02:15:25.255292+00:00
13218438,musicbrainz-genre,melodic house,3.0,2026-09-16T02:15:25.255292+00:00
13218438,musicbrainz-genre,melodic techno,2.0,2026-09-16T02:15:25.255292+00:00
13218438,musicbrainz-genre,organic house,2.0,2026-09-16T02:15:25.255292+00:00
13218438,musicbrainz-genre,progressive house,2.0,2026-09-16T02:15:25.255292+00:00
13218438,musicbrainz-tag,deep house,3.0,2026-09-16T02:15:25.255292+00:00
13218438,musicbrainz-tag,deep tech,2.0,2026-09-16T02:15:25.255292+00:00
13218438,musicbrainz-tag,downtempo,2.0,2026-09-16T02:15:25.255292+00:00
13218438,musicbrainz-tag,edm,2.0,2026-09-16T02:15:25.255292+00:00
13218438,musicbrainz-tag,electronica,2.0,2026-09-16T02:15:25.255292+00:00
13218438,musicbrainz-tag,house,2.0,2026-09-16T02:15:25.255292+00:00
13218438,musicbrainz-tag,melodic house,3.0,2026-09-16T02:15:25.255292+00:00
13218438,musicbrainz-tag,melodic techno,2.0,2026-09-16T02:15:25.255292+00:00
13218438,musicbrainz-tag,organic house,2.0,2026-09-16T02:15:25.255292+00:00
13218438,musicbrainz-tag,progressive house,2.0,2026-09-16T02:15:25.255292+00:00
3215104,musicbrainz-genre,big room house,2.0,2026-09-16T02:15:25.255292+00:00
3215104,musicbrainz-genre,dutch house,1.0,2026-09-16T02:15:25.255292+00:00
3215104,musicbrainz-genre,edm,2.0,2026-09-16T02:15:25.255292+00:00
3215104,musicbrainz-genre,electro house,2.0,2026-09-16T02:15:25.255292+00:00
3215104,musicbrainz-genre,house,1.0,2026-09-16T02:15:25.255292+00:00
3215104,musicbrainz-genre,latin house,1.0,2026-09-16T02:15:25.255292+00:00
3215104,musicbrainz-genre,melbourne bounce,2.0,2026-09-16T02:15:25.255292+00:00
3215104,musicbrainz-tag,big room house,2.0,2026-09-16T02:15:25.255292+00:00
3215104,musicbrainz-tag,dutch house,1.0,2026-09-16T02:15:25.255292+00:00
3215104,musicbrainz-tag,edm,2.0,2026-09-16T02:15:25.255292+00:00
3215104,musicbrainz-tag,electro house,2.0,2026-09-16T02:15:25.255292+00:00
3215104,musicbrainz-tag,house,1.0,2026-09-16T02:15:25.255292+00:00
3215104,musicbrainz-tag,latin house,1.0,2026-09-16T02:15:25.255292+00:00
3215104,musicbrainz-tag,melbourne bounce,2.0,2026-09-16T02:15:25.255292+00:00
15622872,musicbrainz-genre,big band,2.0,2026-09-16T02:15:25.255292+00:00
15622872,musicbrainz-genre,blues,1.0,2026-09-16T02:15:25.255292+00:00
15622872,musicbrainz-genre,jazz,12.0,2026-09-16T02:15:25.255292+00:00
15622872,musicbrainz-genre,pop,1.0,2026-09-16T02:15:25.255292+00:00
15622872,musicbrainz-genre,swing,4.0,2026-09-16T02:15:25.255292+00:00
15622872,musicbrainz-genre,traditional pop,1.0,2026-09-16T02:15:25.255292+00:00
15622872,musicbrainz-genre,vocal jazz,5.0,2026-09-16T02:15:25.255292+00:00
15622872,musicbrainz-tag,2008 universal fire victim,1.0,2026-09-16T02:15:25.255292+00:00
15622872,musicbrainz-tag,aln-sh,1.0,2026-09-16T02:15:25.255292+00:00
15622872,musicbrainz-tag,big band,2.0,2026-09-16T02:15:25.255292+00:00
15622872,musicbrainz-tag,blues,1.0,2026-09-16T02:15:25.255292+00:00
15622872,musicbrainz-tag,jazz,12.0,2026-09-16T02:15:25.255292+00:00
15622872,musicbrainz-tag,live,1.0,2026-09-16T02:15:25.255292+00:00
15622872,musicbrainz-tag,pop,1.0,2026-09-16T02:15:25.255292+00:00
15622872,musicbrainz-tag,sunshine,1.0,2026-09-16T02:15:25.255292+00:00
15622872,musicbrainz-tag,swing,4.0,2026-09-16T02:15:25.255292+00:00
15622872,musicbrainz-tag,traditional pop,1.0,2026-09-16T02:15:25.255292+00:00
15622872,musicbrainz-tag,vocal jazz,5.0,2026-09-16T02:15:25.255292+00:00
1584833,musicbrainz-genre,bassline,1.0,2026-09-16T02:15:25.255292+00:00
1584833,musicbrainz-genre,uk garage,1.0,2026-09-16T02:15:25.255292+00:00
1584833,musicbrainz-tag,bassline,1.0,2026-09-16T02:15:25.255292+00:00
1584833,musicbrainz-tag,picture,1.0,2026-09-16T02:15:25.255292+00:00
1584833,musicbrainz-tag,uk garage,1.0,2026-09-16T02:15:25.255292+00:00
157014,musicbrainz-genre,club,1.0,2026-09-16T02:15:25.255292+00:00
157014,musicbrainz-genre,dance,1.0,2026-09-16T02:15:25.255292+00:00
157014,musicbrainz-genre,downtempo,4.0,2026-09-16T02:15:25.255292+00:00
157014,musicbrainz-genre,dubstep,1.0,2026-09-16T02:15:25.255292+00:00
157014,musicbrainz-genre,electronic,9.0,2026-09-16T02:15:25.255292+00:00
157014,musicbrainz-genre,electronica,1.0,2026-09-16T02:15:25.255292+00:00
157014,musicbrainz-genre,folktronica,3.0,2026-09-16T02:15:25.255292+00:00
157014,musicbrainz-genre,future garage,1.0,2026-09-16T02:15:25.255292+00:00
157014,musicbrainz-genre,idm,4.0,2026-09-16T02:15:25.255292+00:00
157014,musicbrainz-genre,indie rock,1.0,2026-09-16T02:15:25.255292+00:00
157014,musicbrainz-genre,indietronica,1.0,2026-09-16T02:15:25.255292+00:00
157014,musicbrainz-genre,microhouse,2.0,2026-09-16T02:15:25.255292+00:00
157014,musicbrainz-genre,post-dubstep,1.0,2026-09-16T02:15:25.255292+00:00
157014,musicbrainz-genre,post-rock,1.0,2026-09-16T02:15:25.255292+00:00
157014,musicbrainz-genre,tech house,1.0,2026-09-16T02:15:25.255292+00:00
157014,musicbrainz-genre,techno,1.0,2026-09-16T02:15:25.255292+00:00
157014,musicbrainz-genre,trip hop,1.0,2026-09-16T02:15:25.255292+00:00
157014,musicbrainz-tag,british,2.0,2026-09-16T02:15:25.255292+00:00
157014,musicbrainz-tag,club,1.0,2026-09-16T02:15:25.255292+00:00
157014,musicbrainz-tag,dance,1.0,2026-09-16T02:15:25.255292+00:00
157014,musicbrainz-tag,downtempo,4.0,2026-09-16T02:15:25.255292+00:00
157014,musicbrainz-tag,dubstep,1.0,2026-09-16T02:15:25.255292+00:00
157014,musicbrainz-tag,electronic,9.0,2026-09-16T02:15:25.255292+00:00
157014,musicbrainz-tag,electronica,1.0,2026-09-16T02:15:25.255292+00:00
157014,musicbrainz-tag,english,2.0,2026-09-16T02:15:25.255292+00:00
157014,musicbrainz-tag,folktronica,3.0,2026-09-16T02:15:25.255292+00:00
157014,musicbrainz-tag,future garage,1.0,2026-09-16T02:15:25.255292+00:00
157014,musicbrainz-tag,idm,4.0,2026-09-16T02:15:25.255292+00:00
157014,musicbrainz-tag,indie rock,1.0,2026-09-16T02:15:25.255292+00:00
157014,musicbrainz-tag,indietronica,1.0,2026-09-16T02:15:25.255292+00:00
157014,musicbrainz-tag,microhouse,2.0,2026-09-16T02:15:25.255292+00:00
157014,musicbrainz-tag,post-dubstep,1.0,2026-09-16T02:15:25.255292+00:00
157014,musicbrainz-tag,post-rock,1.0,2026-09-16T02:15:25.255292+00:00
157014,musicbrainz-tag,tech house,1.0,2026-09-16T02:15:25.255292+00:00
157014,musicbrainz-tag,techno,1.0,2026-09-16T02:15:25.255292+00:00
157014,musicbrainz-tag,trip hop,1.0,2026-09-16T02:15:25.255292+00:00
157014,musicbrainz-tag,uk,1.0,2026-09-16T02:15:25.255292+00:00
15527934,musicbrainz-genre,psychedelic rock,3.0,2026-09-16T02:15:25.255292+00:00
15527934,musicbrainz-genre,rock,1.0,2026-09-16T02:15:25.255292+00:00
15527934,musicbrainz-genre,space rock,1.0,2026-09-16T02:15:25.255292+00:00
15527934,musicbrainz-genre,stoner rock,1.0,2026-09-16T02:15:25.255292+00:00
15527934,musicbrainz-genre,synthwave,1.0,2026-09-16T02:15:25.255292+00:00
15527934,musicbrainz-tag,psychedelic groove,1.0,2026-09-16T02:15:25.255292+00:00
15527934,musicbrainz-tag,psychedelic rock,3.0,2026-09-16T02:15:25.255292+00:00
15527934,musicbrainz-tag,rock,1.0,2026-09-16T02:15:25.255292+00:00
15527934,musicbrainz-tag,space rock,1.0,2026-09-16T02:15:25.255292+00:00
15527934,musicbrainz-tag,stoner rock,1.0,2026-09-16T02:15:25.255292+00:00
15527934,musicbrainz-tag,synthwave,1.0,2026-09-16T02:15:25.255292+00:00
2802861,musicbrainz-genre,dubstep,1.0,2026-09-16T02:15:25.255292+00:00
2802861,musicbrainz-genre,electronic,1.0,2026-09-16T02:15:25.255292+00:00
2802861,musicbrainz-tag,dubstep,1.0,2026-09-16T02:15:25.255292+00:00
2802861,musicbrainz-tag,electronic,1.0,2026-09-16T02:15:25.255292+00:00
5679615,musicbrainz-genre,alternative dance,2.0,2026-09-16T02:15:25.255292+00:00
5679615,musicbrainz-genre,chillwave,1.0,2026-09-16T02:15:25.255292+00:00
5679615,musicbrainz-genre,hypnagogic pop,4.0,2026-09-16T02:15:25.255292+00:00
5679615,musicbrainz-genre,vaporwave,2.0,2026-09-16T02:15:25.255292+00:00
5679615,musicbrainz-tag,alternative dance,2.0,2026-09-16T02:15:25.255292+00:00
5679615,musicbrainz-tag,baggy,1.0,2026-09-16T02:15:25.255292+00:00
5679615,musicbrainz-tag,chillwave,1.0,2026-09-16T02:15:25.255292+00:00
5679615,musicbrainz-tag,hypnagogic pop,4.0,2026-09-16T02:15:25.255292+00:00
5679615,musicbrainz-tag,post-baggy,1.0,2026-09-16T02:15:25.255292+00:00
5679615,musicbrainz-tag,synth-wave,1.0,2026-09-16T02:15:25.255292+00:00
5679615,musicbrainz-tag,vaporwave,2.0,2026-09-16T02:15:25.255292+00:00
691068,musicbrainz-genre,folktronica,1.0,2026-09-16T02:15:25.255292+00:00
691068,musicbrainz-genre,indie pop,1.0,2026-09-16T02:15:25.255292+00:00
691068,musicbrainz-genre,singer-songwriter,1.0,2026-09-16T02:15:25.255292+00:00
691068,musicbrainz-tag,folktronica,1.0,2026-09-16T02:15:25.255292+00:00
691068,musicbrainz-tag,indie,1.0,2026-09-16T02:15:25.255292+00:00
691068,musicbrainz-tag,indie pop,1.0,2026-09-16T02:15:25.255292+00:00
691068,musicbrainz-tag,singer-songwriter,1.0,2026-09-16T02:15:25.255292+00:00
15607876,musicbrainz-genre,rock,1.0,2026-09-16T02:15:25.255292+00:00
15607876,musicbrainz-tag,bassist,1.0,2026-09-16T02:15:25.255292+00:00
15607876,musicbrainz-tag,bassiste,1.0,2026-09-16T02:15:25.255292+00:00
15607876,musicbrainz-tag,batteur,1.0,2026-09-16T02:15:25.255292+00:00
15607876,musicbrainz-tag,canada,1.0,2026-09-16T02:15:25.255292+00:00
15607876,musicbrainz-tag,canadian,1.0,2026-09-16T02:15:25.255292+00:00
15607876,musicbrainz-tag,canadien,1.0,2026-09-16T02:15:25.255292+00:00
15607876,musicbrainz-tag,claviériste,1.0,2026-09-16T02:15:25.255292+00:00
15607876,musicbrainz-tag,drummer,1.0,2026-09-16T02:15:25.255292+00:00
15607876,musicbrainz-tag,guitarist,1.0,2026-09-16T02:15:25.255292+00:00
15607876,musicbrainz-tag,guitariste,1.0,2026-09-16T02:15:25.255292+00:00
15607876,musicbrainz-tag,i'm gay if i am shut up,1.0,2026-09-16T02:15:25.255292+00:00
15607876,musicbrainz-tag,ingénieur du son,1.0,2026-09-16T02:15:25.255292+00:00
15607876,musicbrainz-tag,keyboardist,1.0,2026-09-16T02:15:25.255292+00:00
15607876,musicbrainz-tag,lame and fail,1.0,2026-09-16T02:15:25.255292+00:00
15607876,musicbrainz-tag,percussionist,1.0,2026-09-16T02:15:25.255292+00:00
15607876,musicbrainz-tag,percussionniste,1.0,2026-09-16T02:15:25.255292+00:00
15607876,musicbrainz-tag,producer,1.0,2026-09-16T02:15:25.255292+00:00
15607876,musicbrainz-tag,producteur,1.0,2026-09-16T02:15:25.255292+00:00
15607876,musicbrainz-tag,rock,1.0,2026-09-16T02:15:25.255292+00:00
15607876,musicbrainz-tag,sound engineer,1.0,2026-09-16T02:15:25.255292+00:00
610195,musicbrainz-tag,cosmic dross,1.0,2026-09-16T02:15:25.255292+00:00
610195,musicbrainz-tag,goo,1.0,2026-09-16T02:15:25.255292+00:00
610195,musicbrainz-tag,grok,1.0,2026-09-16T02:15:25.255292+00:00
610195,musicbrainz-tag,nom,1.0,2026-09-16T02:15:25.255292+00:00
610195,musicbrainz-tag,xenopsych,1.0,2026-09-16T02:15:25.255292+00:00
610195,musicbrainz-tag,zpor,1.0,2026-09-16T02:15:25.255292+00:00
9440272,musicbrainz-genre,dubstep,1.0,2026-09-16T02:15:25.255292+00:00
9440272,musicbrainz-genre,electronic,1.0,2026-09-16T02:15:25.255292+00:00
9440272,musicbrainz-tag,dubstep,1.0,2026-09-16T02:15:25.255292+00:00
9440272,musicbrainz-tag,electronic,1.0,2026-09-16T02:15:25.255292+00:00
257394,musicbrainz-genre,electronic,1.0,2026-09-16T02:15:25.255292+00:00
257394,musicbrainz-genre,funk,1.0,2026-09-16T02:15:25.255292+00:00
257394,musicbrainz-genre,funktronica,3.0,2026-09-16T02:15:25.255292+00:00
257394,musicbrainz-genre,nu disco,1.0,2026-09-16T02:15:25.255292+00:00
257394,musicbrainz-genre,smooth soul,1.0,2026-09-16T02:15:25.255292+00:00
257394,musicbrainz-genre,synth funk,1.0,2026-09-16T02:15:25.255292+00:00
257394,musicbrainz-tag,electronic,1.0,2026-09-16T02:15:25.255292+00:00
257394,musicbrainz-tag,funk,1.0,2026-09-16T02:15:25.255292+00:00
257394,musicbrainz-tag,funktronica,3.0,2026-09-16T02:15:25.255292+00:00
257394,musicbrainz-tag,nu disco,1.0,2026-09-16T02:15:25.255292+00:00
257394,musicbrainz-tag,smooth soul,1.0,2026-09-16T02:15:25.255292+00:00
257394,musicbrainz-tag,synth funk,1.0,2026-09-16T02:15:25.255292+00:00
15561853,musicbrainz-genre,classic rock,1.0,2026-09-16T02:15:25.255292+00:00
15561853,musicbrainz-genre,dubstep,1.0,2026-09-16T02:15:25.255292+00:00
15561853,musicbrainz-genre,experimental,1.0,2026-09-16T02:15:25.255292+00:00
15561853,musicbrainz-genre,pop,1.0,2026-09-16T02:15:25.255292+00:00
15561853,musicbrainz-genre,rap rock,1.0,2026-09-16T02:15:25.255292+00:00
15561853,musicbrainz-genre,rock,1.0,2026-09-16T02:15:25.255292+00:00
15561853,musicbrainz-tag,classic rock,1.0,2026-09-16T02:15:25.255292+00:00
15561853,musicbrainz-tag,dubstep,1.0,2026-09-16T02:15:25.255292+00:00
15561853,musicbrainz-tag,experimental,1.0,2026-09-16T02:15:25.255292+00:00
15561853,musicbrainz-tag,pop,1.0,2026-09-16T02:15:25.255292+00:00
15561853,musicbrainz-tag,rap rock,1.0,2026-09-16T02:15:25.255292+00:00
15561853,musicbrainz-tag,rock,1.0,2026-09-16T02:15:25.255292+00:00
14783028,musicbrainz-genre,emo rap,1.0,2026-09-16T02:15:25.255292+00:00
14783028,musicbrainz-genre,hip hop,1.0,2026-09-16T02:15:25.255292+00:00
14783028,musicbrainz-genre,pop rap,1.0,2026-09-16T02:15:25.255292+00:00
14783028,musicbrainz-genre,trap,1.0,2026-09-16T02:15:25.255292+00:00
14783028,musicbrainz-tag,emo rap,1.0,2026-09-16T02:15:25.255292+00:00
14783028,musicbrainz-tag,hip hop,1.0,2026-09-16T02:15:25.255292+00:00
14783028,musicbrainz-tag,pop rap,1.0,2026-09-16T02:15:25.255292+00:00
14783028,musicbrainz-tag,trap,1.0,2026-09-16T02:15:25.255292+00:00
5585634,musicbrainz-genre,edm,3.0,2026-09-16T02:15:25.255292+00:00
5585634,musicbrainz-genre,future bass,3.0,2026-09-16T02:15:25.255292+00:00
5585634,musicbrainz-genre,hip hop,2.0,2026-09-16T02:15:25.255292+00:00
5585634,musicbrainz-genre,progressive house,2.0,2026-09-16T02:15:25.255292+00:00
5585634,musicbrainz-genre,trap edm,1.0,2026-09-16T02:15:25.255292+00:00
5585634,musicbrainz-tag,edm,3.0,2026-09-16T02:15:25.255292+00:00
5585634,musicbrainz-tag,english,1.0,2026-09-16T02:15:25.255292+00:00
5585634,musicbrainz-tag,future bass,3.0,2026-09-16T02:15:25.255292+00:00
5585634,musicbrainz-tag,hip hop,2.0,2026-09-16T02:15:25.255292+00:00
5585634,musicbrainz-tag,progressive house,2.0,2026-09-16T02:15:25.255292+00:00
5585634,musicbrainz-tag,trap edm,1.0,2026-09-16T02:15:25.255292+00:00
14521907,musicbrainz-genre,electronic,1.0,2026-09-16T02:15:25.255292+00:00
14521907,musicbrainz-genre,house,1.0,2026-09-16T02:15:25.255292+00:00
14521907,musicbrainz-tag,electronic,1.0,2026-09-16T02:15:25.255292+00:00
14521907,musicbrainz-tag,house,1.0,2026-09-16T02:15:25.255292+00:00
11886611,musicbrainz-genre,dubstep,2.0,2026-09-16T02:15:25.255292+00:00
11886611,musicbrainz-genre,electronic,1.0,2026-09-16T02:15:25.255292+00:00
11886611,musicbrainz-genre,future bass,1.0,2026-09-16T02:15:25.255292+00:00
11886611,musicbrainz-tag,dubstep,2.0,2026-09-16T02:15:25.255292+00:00
11886611,musicbrainz-tag,electronic,1.0,2026-09-16T02:15:25.255292+00:00
11886611,musicbrainz-tag,future bass,1.0,2026-09-16T02:15:25.255292+00:00
15517919,musicbrainz-genre,speed garage,1.0,2026-09-16T02:15:25.255292+00:00
15517919,musicbrainz-genre,stutter house,1.0,2026-09-16T02:15:25.255292+00:00
15517919,musicbrainz-genre,uk garage,1.0,2026-09-16T02:15:25.255292+00:00
15517919,musicbrainz-tag,speed garage,1.0,2026-09-16T02:15:25.255292+00:00
15517919,musicbrainz-tag,stutter house,1.0,2026-09-16T02:15:25.255292+00:00
15517919,musicbrainz-tag,uk garage,1.0,2026-09-16T02:15:25.255292+00:00
9916793,musicbrainz-genre,electro,1.0,2026-09-16T02:15:25.255292+00:00
9916793,musicbrainz-genre,electronic,1.0,2026-09-16T02:15:25.255292+00:00
9916793,musicbrainz-genre,hip hop,1.0,2026-09-16T02:15:25.255292+00:00
9916793,musicbrainz-genre,jazz,1.0,2026-09-16T02:15:25.255292+00:00
9916793,musicbrainz-genre,trip hop,3.0,2026-09-16T02:15:25.255292+00:00
9916793,musicbrainz-tag,beats,1.0,2026-09-16T02:15:25.255292+00:00
9916793,musicbrainz-tag,chill,1.0,2026-09-16T02:15:25.255292+00:00
9916793,musicbrainz-tag,electro,1.0,2026-09-16T02:15:25.255292+00:00
9916793,musicbrainz-tag,electronic,1.0,2026-09-16T02:15:25.255292+00:00
9916793,musicbrainz-tag,hip hop,1.0,2026-09-16T02:15:25.255292+00:00
9916793,musicbrainz-tag,jazz,1.0,2026-09-16T02:15:25.255292+00:00
9916793,musicbrainz-tag,trip hop,3.0,2026-09-16T02:15:25.255292+00:00
6633802,musicbrainz-genre,dubstep,2.0,2026-09-16T02:15:25.255292+00:00
6633802,musicbrainz-genre,electronic,1.0,2026-09-16T02:15:25.255292+00:00
6633802,musicbrainz-tag,dubstep,2.0,2026-09-16T02:15:25.255292+00:00
6633802,musicbrainz-tag,electronic,1.0,2026-09-16T02:15:25.255292+00:00
4364,musicbrainz-genre,cocktail nation,3.0,2026-09-16T02:15:25.255292+00:00
4364,musicbrainz-genre,jazz pop,2.0,2026-09-16T02:15:25.255292+00:00
4364,musicbrainz-genre,lounge,4.0,2026-09-16T02:15:25.255292+00:00
4364,musicbrainz-tag,cocktail nation,3.0,2026-09-16T02:15:25.255292+00:00
4364,musicbrainz-tag,jazz pop,2.0,2026-09-16T02:15:25.255292+00:00
4364,musicbrainz-tag,lounge,4.0,2026-09-16T02:15:25.255292+00:00
15523633,musicbrainz-genre,progressive breaks,1.0,2026-09-16T02:15:25.255292+00:00
15523633,musicbrainz-genre,uk garage,1.0,2026-09-16T02:15:25.255292+00:00
15523633,musicbrainz-tag,progressive breaks,1.0,2026-09-16T02:15:25.255292+00:00
15523633,musicbrainz-tag,uk garage,1.0,2026-09-16T02:15:25.255292+00:00
8916993,musicbrainz-genre,edm,2.0,2026-09-16T02:15:25.255292+00:00
8916993,musicbrainz-genre,house,1.0,2026-09-16T02:15:25.255292+00:00
8916993,musicbrainz-tag,edm,2.0,2026-09-16T02:15:25.255292+00:00
8916993,musicbrainz-tag,english,1.0,2026-09-16T02:15:25.255292+00:00
8916993,musicbrainz-tag,house,1.0,2026-09-16T02:15:25.255292+00:00
14827412,musicbrainz-genre,bass house,1.0,2026-09-16T02:15:25.255292+00:00
14827412,musicbrainz-genre,bassline,1.0,2026-09-16T02:15:25.255292+00:00
14827412,musicbrainz-genre,dance,1.0,2026-09-16T02:15:25.255292+00:00
14827412,musicbrainz-genre,electronic,1.0,2026-09-16T02:15:25.255292+00:00
14827412,musicbrainz-genre,speed garage,1.0,2026-09-16T02:15:25.255292+00:00
14827412,musicbrainz-genre,uk funky,1.0,2026-09-16T02:15:25.255292+00:00
14827412,musicbrainz-genre,uk garage,2.0,2026-09-16T02:15:25.255292+00:00
14827412,musicbrainz-tag,bass house,1.0,2026-09-16T02:15:25.255292+00:00
14827412,musicbrainz-tag,bassline,1.0,2026-09-16T02:15:25.255292+00:00
14827412,musicbrainz-tag,dance,1.0,2026-09-16T02:15:25.255292+00:00
14827412,musicbrainz-tag,electronic,1.0,2026-09-16T02:15:25.255292+00:00
14827412,musicbrainz-tag,english,1.0,2026-09-16T02:15:25.255292+00:00
14827412,musicbrainz-tag,garage,1.0,2026-09-16T02:15:25.255292+00:00
14827412,musicbrainz-tag,old school bassline,1.0,2026-09-16T02:15:25.255292+00:00
14827412,musicbrainz-tag,speed garage,1.0,2026-09-16T02:15:25.255292+00:00
14827412,musicbrainz-tag,uk,1.0,2026-09-16T02:15:25.255292+00:00
14827412,musicbrainz-tag,uk electronic,1.0,2026-09-16T02:15:25.255292+00:00
14827412,musicbrainz-tag,uk funky,1.0,2026-09-16T02:15:25.255292+00:00
14827412,musicbrainz-tag,uk garage,2.0,2026-09-16T02:15:25.255292+00:00
14827412,musicbrainz-tag,united kingdom,1.0,2026-09-16T02:15:25.255292+00:00
13497965,musicbrainz-genre,acid techno,3.0,2026-09-16T02:15:25.255292+00:00
13497965,musicbrainz-genre,hard techno,3.0,2026-09-16T02:15:25.255292+00:00
13497965,musicbrainz-genre,industrial techno,3.0,2026-09-16T02:15:25.255292+00:00
13497965,musicbrainz-genre,psytrance,3.0,2026-09-16T02:15:25.255292+00:00
13497965,musicbrainz-genre,techno,3.0,2026-09-16T02:15:25.255292+00:00
13497965,musicbrainz-tag,acid techno,3.0,2026-09-16T02:15:25.255292+00:00
13497965,musicbrainz-tag,hard techno,3.0,2026-09-16T02:15:25.255292+00:00
13497965,musicbrainz-tag,industrial techno,3.0,2026-09-16T02:15:25.255292+00:00
13497965,musicbrainz-tag,psytrance,3.0,2026-09-16T02:15:25.255292+00:00
13497965,musicbrainz-tag,techno,3.0,2026-09-16T02:15:25.255292+00:00
3293449,musicbrainz-genre,electro,1.0,2026-09-16T02:15:25.255292+00:00
3293449,musicbrainz-genre,indie pop,1.0,2026-09-16T02:15:25.255292+00:00
3293449,musicbrainz-genre,pop,1.0,2026-09-16T02:15:25.255292+00:00
3293449,musicbrainz-genre,punk rock,1.0,2026-09-16T02:15:25.255292+00:00
3293449,musicbrainz-genre,trap metal,1.0,2026-09-16T02:15:25.255292+00:00
3293449,musicbrainz-tag,electro,1.0,2026-09-16T02:15:25.255292+00:00
3293449,musicbrainz-tag,indie pop,1.0,2026-09-16T02:15:25.255292+00:00
3293449,musicbrainz-tag,pop,1.0,2026-09-16T02:15:25.255292+00:00
3293449,musicbrainz-tag,punk rock,1.0,2026-09-16T02:15:25.255292+00:00
3293449,musicbrainz-tag,trap metal,1.0,2026-09-16T02:15:25.255292+00:00
51758,musicbrainz-genre,doom metal,2.0,2026-09-16T02:15:25.255292+00:00
51758,musicbrainz-genre,drone,6.0,2026-09-16T02:15:25.255292+00:00
51758,musicbrainz-genre,drone metal,5.0,2026-09-16T02:15:25.255292+00:00
51758,musicbrainz-genre,experimental rock,1.0,2026-09-16T02:15:25.255292+00:00
51758,musicbrainz-genre,metal,1.0,2026-09-16T02:15:25.255292+00:00
51758,musicbrainz-tag,darkness,1.0,2026-09-16T02:15:25.255292+00:00
51758,musicbrainz-tag,doom metal,2.0,2026-09-16T02:15:25.255292+00:00
51758,musicbrainz-tag,drone,6.0,2026-09-16T02:15:25.255292+00:00
51758,musicbrainz-tag,drone metal,5.0,2026-09-16T02:15:25.255292+00:00
51758,musicbrainz-tag,experimental rock,1.0,2026-09-16T02:15:25.255292+00:00
51758,musicbrainz-tag,low frequency,1.0,2026-09-16T02:15:25.255292+00:00
51758,musicbrainz-tag,metal,1.0,2026-09-16T02:15:25.255292+00:00
51758,musicbrainz-tag,nothingness,1.0,2026-09-16T02:15:25.255292+00:00
51758,musicbrainz-tag,occultism,1.0,2026-09-16T02:15:25.255292+00:00
51758,musicbrainz-tag,sillyname,1.0,2026-09-16T02:15:25.255292+00:00
8331524,musicbrainz-genre,coldwave,1.0,2026-09-16T02:15:25.255292+00:00
8331524,musicbrainz-genre,dance,1.0,2026-09-16T02:15:25.255292+00:00
8331524,musicbrainz-genre,dark wave,3.0,2026-09-16T02:15:25.255292+00:00
8331524,musicbrainz-genre,electronica,1.0,2026-09-16T02:15:25.255292+00:00
8331524,musicbrainz-genre,pop,1.0,2026-09-16T02:15:25.255292+00:00
8331524,musicbrainz-genre,post-punk,1.0,2026-09-16T02:15:25.255292+00:00
8331524,musicbrainz-genre,rock,1.0,2026-09-16T02:15:25.255292+00:00
8331524,musicbrainz-genre,synth-pop,4.0,2026-09-16T02:15:25.255292+00:00
8331524,musicbrainz-genre,witch house,1.0,2026-09-16T02:15:25.255292+00:00
8331524,musicbrainz-tag,alternative,1.0,2026-09-16T02:15:25.255292+00:00
8331524,musicbrainz-tag,alternative/indie rock,1.0,2026-09-16T02:15:25.255292+00:00
8331524,musicbrainz-tag,canadian,4.0,2026-09-16T02:15:25.255292+00:00
8331524,musicbrainz-tag,coldwave,1.0,2026-09-16T02:15:25.255292+00:00
8331524,musicbrainz-tag,dance,1.0,2026-09-16T02:15:25.255292+00:00
8331524,musicbrainz-tag,dark wave,3.0,2026-09-16T02:15:25.255292+00:00
8331524,musicbrainz-tag,darkwave,4.0,2026-09-16T02:15:25.255292+00:00
8331524,musicbrainz-tag,electronica,1.0,2026-09-16T02:15:25.255292+00:00
8331524,musicbrainz-tag,indie dance,1.0,2026-09-16T02:15:25.255292+00:00
8331524,musicbrainz-tag,indie electronic,1.0,2026-09-16T02:15:25.255292+00:00
8331524,musicbrainz-tag,industrial dance,1.0,2026-09-16T02:15:25.255292+00:00
8331524,musicbrainz-tag,pop,1.0,2026-09-16T02:15:25.255292+00:00
8331524,musicbrainz-tag,post-punk,1.0,2026-09-16T02:15:25.255292+00:00
8331524,musicbrainz-tag,rock,1.0,2026-09-16T02:15:25.255292+00:00
8331524,musicbrainz-tag,synth-pop,4.0,2026-09-16T02:15:25.255292+00:00
8331524,musicbrainz-tag,synthpop,5.0,2026-09-16T02:15:25.255292+00:00
8331524,musicbrainz-tag,witch house,1.0,2026-09-16T02:15:25.255292+00:00
15536339,musicbrainz-genre,dubstep,1.0,2026-09-16T02:15:25.255292+00:00
15536339,musicbrainz-genre,edm,1.0,2026-09-16T02:15:25.255292+00:00
15536339,musicbrainz-genre,trap,1.0,2026-09-16T02:15:25.255292+00:00
15536339,musicbrainz-tag,dubstep,1.0,2026-09-16T02:15:25.255292+00:00
15536339,musicbrainz-tag,edm,1.0,2026-09-16T02:15:25.255292+00:00
15536339,musicbrainz-tag,trap,1.0,2026-09-16T02:15:25.255292+00:00
2335724,musicbrainz-tag,!hyperfocus,1.0,2026-09-16T02:15:25.255292+00:00
706730,musicbrainz-genre,neo-psychedelia,1.0,2026-09-16T02:15:25.255292+00:00
706730,musicbrainz-genre,psychedelic rock,1.0,2026-09-16T02:15:25.255292+00:00
706730,musicbrainz-tag,neo-psychedelia,1.0,2026-09-16T02:15:25.255292+00:00
706730,musicbrainz-tag,psychedelic rock,1.0,2026-09-16T02:15:25.255292+00:00
4516165,musicbrainz-genre,ambient,1.0,2026-09-16T02:15:25.255292+00:00
4516165,musicbrainz-genre,dark wave,1.0,2026-09-16T02:15:25.255292+00:00
4516165,musicbrainz-genre,electronic,1.0,2026-09-16T02:15:25.255292+00:00
4516165,musicbrainz-genre,synth-pop,1.0,2026-09-16T02:15:25.255292+00:00
4516165,musicbrainz-genre,synthwave,1.0,2026-09-16T02:15:25.255292+00:00
4516165,musicbrainz-tag,ambient,1.0,2026-09-16T02:15:25.255292+00:00
4516165,musicbrainz-tag,dark wave,1.0,2026-09-16T02:15:25.255292+00:00
4516165,musicbrainz-tag,electronic,1.0,2026-09-16T02:15:25.255292+00:00
4516165,musicbrainz-tag,synth-pop,1.0,2026-09-16T02:15:25.255292+00:00
4516165,musicbrainz-tag,synthwave,1.0,2026-09-16T02:15:25.255292+00:00
8284,musicbrainz-genre,electronic,1.0,2026-09-16T02:15:25.255292+00:00
8284,musicbrainz-genre,glitch hop,1.0,2026-09-16T02:15:25.255292+00:00
8284,musicbrainz-tag,electronic,1.0,2026-09-16T02:15:25.255292+00:00
8284,musicbrainz-tag,glitch hop,1.0,2026-09-16T02:15:25.255292+00:00
57551,musicbrainz-genre,electronic,1.0,2026-09-16T02:15:25.255292+00:00
57551,musicbrainz-genre,experimental electronic,1.0,2026-09-16T02:15:25.255292+00:00
57551,musicbrainz-genre,psychedelic,1.0,2026-09-16T02:15:25.255292+00:00
57551,musicbrainz-genre,space rock,1.0,2026-09-16T02:15:25.255292+00:00
57551,musicbrainz-tag,electronic,1.0,2026-09-16T02:15:25.255292+00:00
57551,musicbrainz-tag,experimental electronic,1.0,2026-09-16T02:15:25.255292+00:00
57551,musicbrainz-tag,psychedelic,1.0,2026-09-16T02:15:25.255292+00:00
57551,musicbrainz-tag,space rock,1.0,2026-09-16T02:15:25.255292+00:00
57551,musicbrainz-tag,uneasy listening,1.0,2026-09-16T02:15:25.255292+00:00
5487881,musicbrainz-genre,dubstep,1.0,2026-09-16T02:15:25.255292+00:00
5487881,musicbrainz-genre,electronic,1.0,2026-09-16T02:15:25.255292+00:00
5487881,musicbrainz-tag,dubstep,1.0,2026-09-16T02:15:25.255292+00:00
5487881,musicbrainz-tag,electronic,1.0,2026-09-16T02:15:25.255292+00:00
917982,musicbrainz-genre,ambient,1.0,2026-09-16T02:15:25.255292+00:00
917982,musicbrainz-genre,downtempo,1.0,2026-09-16T02:15:25.255292+00:00
917982,musicbrainz-genre,electronic,1.0,2026-09-16T02:15:25.255292+00:00
917982,musicbrainz-genre,folk,1.0,2026-09-16T02:15:25.255292+00:00
917982,musicbrainz-genre,trip hop,1.0,2026-09-16T02:15:25.255292+00:00
917982,musicbrainz-tag,ambient,1.0,2026-09-16T02:15:25.255292+00:00
917982,musicbrainz-tag,chill,1.0,2026-09-16T02:15:25.255292+00:00
917982,musicbrainz-tag,downtempo,1.0,2026-09-16T02:15:25.255292+00:00
917982,musicbrainz-tag,electronic,1.0,2026-09-16T02:15:25.255292+00:00
917982,musicbrainz-tag,folk,1.0,2026-09-16T02:15:25.255292+00:00
917982,musicbrainz-tag,trip hop,1.0,2026-09-16T02:15:25.255292+00:00
917982,musicbrainz-tag,world,1.0,2026-09-16T02:15:25.255292+00:00
1588976,musicbrainz-genre,bass house,1.0,2026-09-16T02:15:25.255292+00:00
1588976,musicbrainz-genre,breakbeat,1.0,2026-09-16T02:15:25.255292+00:00
1588976,musicbrainz-genre,breaks,1.0,2026-09-16T02:15:25.255292+00:00
1588976,musicbrainz-genre,club,1.0,2026-09-16T02:15:25.255292+00:00
1588976,musicbrainz-genre,dance,2.0,2026-09-16T02:15:25.255292+00:00
1588976,musicbrainz-genre,deep house,3.0,2026-09-16T02:15:25.255292+00:00
1588976,musicbrainz-genre,drum and bass,1.0,2026-09-16T02:15:25.255292+00:00
1588976,musicbrainz-genre,dubstep,1.0,2026-09-16T02:15:25.255292+00:00
1588976,musicbrainz-genre,edm,1.0,2026-09-16T02:15:25.255292+00:00
1588976,musicbrainz-genre,electronic,1.0,2026-09-16T02:15:25.255292+00:00
1588976,musicbrainz-genre,electropop,1.0,2026-09-16T02:15:25.255292+00:00
1588976,musicbrainz-genre,future bass,1.0,2026-09-16T02:15:25.255292+00:00
1588976,musicbrainz-genre,house,1.0,2026-09-16T02:15:25.255292+00:00
1588976,musicbrainz-genre,melodic house,1.0,2026-09-16T02:15:25.255292+00:00
1588976,musicbrainz-genre,melodic techno,1.0,2026-09-16T02:15:25.255292+00:00
1588976,musicbrainz-genre,pop,1.0,2026-09-16T02:15:25.255292+00:00
1588976,musicbrainz-genre,progressive house,3.0,2026-09-16T02:15:25.255292+00:00
1588976,musicbrainz-genre,rock,1.0,2026-09-16T02:15:25.255292+00:00
1588976,musicbrainz-genre,tech house,3.0,2026-09-16T02:15:25.255292+00:00
1588976,musicbrainz-genre,techno,1.0,2026-09-16T02:15:25.255292+00:00
1588976,musicbrainz-genre,trance,1.0,2026-09-16T02:15:25.255292+00:00
1588976,musicbrainz-genre,trap,1.0,2026-09-16T02:15:25.255292+00:00
1588976,musicbrainz-tag,bass house,1.0,2026-09-16T02:15:25.255292+00:00
1588976,musicbrainz-tag,breakbeat,1.0,2026-09-16T02:15:25.255292+00:00
1588976,musicbrainz-tag,breaks,1.0,2026-09-16T02:15:25.255292+00:00
1588976,musicbrainz-tag,club,1.0,2026-09-16T02:15:25.255292+00:00
1588976,musicbrainz-tag,dance,2.0,2026-09-16T02:15:25.255292+00:00
1588976,musicbrainz-tag,deep house,3.0,2026-09-16T02:15:25.255292+00:00
1588976,musicbrainz-tag,drum and bass,1.0,2026-09-16T02:15:25.255292+00:00
1588976,musicbrainz-tag,dubstep,1.0,2026-09-16T02:15:25.255292+00:00
1588976,musicbrainz-tag,edm,1.0,2026-09-16T02:15:25.255292+00:00
1588976,musicbrainz-tag,electronic,1.0,2026-09-16T02:15:25.255292+00:00
1588976,musicbrainz-tag,electropop,1.0,2026-09-16T02:15:25.255292+00:00
1588976,musicbrainz-tag,experimental electro,1.0,2026-09-16T02:15:25.255292+00:00
1588976,musicbrainz-tag,future bass,1.0,2026-09-16T02:15:25.255292+00:00
1588976,musicbrainz-tag,house,1.0,2026-09-16T02:15:25.255292+00:00
1588976,musicbrainz-tag,house music,1.0,2026-09-16T02:15:25.255292+00:00
1588976,musicbrainz-tag,indie dance,1.0,2026-09-16T02:15:25.255292+00:00
1588976,musicbrainz-tag,melodic house,1.0,2026-09-16T02:15:25.255292+00:00
1588976,musicbrainz-tag,melodic techno,1.0,2026-09-16T02:15:25.255292+00:00
1588976,musicbrainz-tag,pop,1.0,2026-09-16T02:15:25.255292+00:00
1588976,musicbrainz-tag,progressive house,3.0,2026-09-16T02:15:25.255292+00:00
1588976,musicbrainz-tag,rock,1.0,2026-09-16T02:15:25.255292+00:00
1588976,musicbrainz-tag,tech house,3.0,2026-09-16T02:15:25.255292+00:00
1588976,musicbrainz-tag,techno,1.0,2026-09-16T02:15:25.255292+00:00
1588976,musicbrainz-tag,trance,1.0,2026-09-16T02:15:25.255292+00:00
1588976,musicbrainz-tag,trap,1.0,2026-09-16T02:15:25.255292+00:00
307860,musicbrainz-genre,glitch hop,1.0,2026-09-16T02:15:25.255292+00:00
307860,musicbrainz-genre,midtempo bass,1.0,2026-09-16T02:15:25.255292+00:00
307860,musicbrainz-genre,neurohop,1.0,2026-09-16T02:15:25.255292+00:00
307860,musicbrainz-tag,electronic dance music,1.0,2026-09-16T02:15:25.255292+00:00
307860,musicbrainz-tag,glitch hop,1.0,2026-09-16T02:15:25.255292+00:00
307860,musicbrainz-tag,glitch hop [edm],1.0,2026-09-16T02:15:25.255292+00:00
307860,musicbrainz-tag,midtempo bass,1.0,2026-09-16T02:15:25.255292+00:00
307860,musicbrainz-tag,neurohop,1.0,2026-09-16T02:15:25.255292+00:00
