artist_id,observed_at,tracker_count,upcoming_event_count
15390659,2026-09-16T01:24:47.494782+00:00,672,4
15514234,2026-09-16T01:24:48.513656+00:00,7772,7
12760751,2026-09-16T01:24:49.645882+00:00,141058,6
2062,2026-09-16T01:24:50.879477+00:00,37710,3
2883392,2026-09-16T01:24:52.077165+00:00,11109,1
13058776,2026-09-16T01:24:53.061256+00:00,54492,20
8683870,2026-09-16T01:24:54.281021+00:00,11633,2
15497083,2026-09-16T01:24:55.577418+00:00,13116,4
12141718,2026-09-16T01:24:56.813782+00:00,3465,11
40828,2026-09-16T01:24:57.656973+00:00,28853,2
132966,2026-09-16T01:24:58.851036+00:00,104832,14
15570865,2026-09-16T01:25:00.096859+00:00,723,4
15604306,2026-09-16T01:25:01.193659+00:00,278,2
15554218,2026-09-16T01:25:02.545625+00:00,8983,13
15590290,2026-09-16T01:25:03.720176+00:00,733,1
15559410,2026-09-16T01:25:05.005517+00:00,8821,32
1523397,2026-09-16T01:25:05.973942+00:00,246,1
15569355,2026-09-16T01:25:07.148033+00:00,156,1
15631081,2026-09-16T01:25:08.111736+00:00,86,2
11109133,2026-09-16T01:25:09.351642+00:00,125,0
1294386,2026-09-16T01:25:10.357375+00:00,495,1
15649434,2026-09-16T01:25:11.732112+00:00,45,1
358100,2026-09-16T01:25:12.827351+00:00,918,68
3708,2026-09-16T01:25:13.841402+00:00,1654608,5
15664610,2026-09-16T01:25:14.829205+00:00,0,0
15664610,2026-09-16T00:56:03.844013+00:00,0,0
15390659,2026-09-16T01:14:18.337756+00:00,672,4
15514234,2026-09-16T01:14:19.384780+00:00,7772,7
12760751,2026-09-16T01:14:20.548846+00:00,141058,6
2062,2026-09-16T01:14:21.822738+00:00,37710,3
2883392,2026-09-16T01:14:22.883917+00:00,11109,1
13058776,2026-09-16T01:14:24.104450+00:00,54492,20
8683870,2026-09-16T01:14:25.327001+00:00,11633,2
15497083,2026-09-16T01:14:26.202218+00:00,13116,4
12141718,2026-09-16T01:14:27.382671+00:00,3465,11
40828,2026-09-16T01:14:28.661239+00:00,28853,2
132966,2026-09-16T01:14:29.871971+00:00,104832,14
15570865,2026-09-16T01:14:31.231897+00:00,723,4
15604306,2026-09-16T01:14:32.063400+00:00,278,2
15554218,2026-09-16T01:14:33.367781+00:00,8983,13
15590290,2026-09-16T01:14:34.434985+00:00,733,1
15559410,2026-09-16T01:14:35.639983+00:00,8821,32
1523397,2026-09-16T01:14:36.901873+00:00,246,1
15569355,2026-09-16T01:14:38.101035+00:00,156,1
15631081,2026-09-16T01:14:39.307521+00:00,86,2
11109133,2026-09-16T01:14:40.409818+00:00,125,0
1294386,2026-09-16T01:14:41.568557+00:00,495,1
15649434,2026-09-16T01:14:42.827914+00:00,45,1
358100,2026-09-16T01:14:43.793325+00:00,918,68
3708,2026-09-16T01:14:45.082517+00:00,1654608,5
15664610,2026-09-16T01:14:45.975348+00:00,0,0
15390659,2026-09-16T01:18:24.227022+00:00,672,4
15514234,2026-09-16T01:18:25.290006+00:00,7772,7
12760751,2026-09-16T01:18:26.609642+00:00,141058,6
2062,2026-09-16T01:18:27.642642+00:00,37710,3
2883392,2026-09-16T01:18:28.951138+00:00,11109,1
13058776,2026-09-16T01:18:29.875195+00:00,54492,20
8683870,2026-09-16T01:18:31.065795+00:00,11633,2
15497083,2026-09-16T01:18:32.316426+00:00,13116,4
12141718,2026-09-16T01:18:33.501278+00:00,3465,11
40828,2026-09-16T01:18:34.757077+00:00,28853,2
132966,2026-09-16T01:18:35.979810+00:00,104832,14
15570865,2026-09-16T01:18:36.946373+00:00,723,4
15604306,2026-09-16T01:18:38.263662+00:00,278,2
15554218,2026-09-16T01:18:39.342318+00:00,8983,13
15590290,2026-09-16T01:18:40.488295+00:00,733,1
15559410,2026-09-16T01:18:41.581538+00:00,8821,32
1523397,2026-09-16T01:18:42.582130+00:00,246,1
15569355,2026-09-16T01:18:43.631380+00:00,156,1
15631081,2026-09-16T01:18:44.740298+00:00,86,2
11109133,2026-09-16T01:18:45.918333+00:00,125,0
1294386,2026-09-16T01:18:47.146617+00:00,495,1
15649434,2026-09-16T01:18:48.492915+00:00,45,1
358100,2026-09-16T01:18:49.600062+00:00,918,68
3708,2026-09-16T01:18:50.667370+00:00,1654608,5
15664610,2026-09-16T01:18:51.716711+00:00,0,0
15390659,2026-09-16T01:22:07.814048+00:00,672,4
15514234,2026-09-16T01:22:08.847888+00:00,7772,7
12760751,2026-09-16T01:22:10.016022+00:00,141058,6
2062,2026-09-16T01:22:11.300066+00:00,37710,3
2883392,2026-09-16T01:22:12.456782+00:00,11109,1
13058776,2026-09-16T01:22:13.873940+00:00,54492,20
8683870,2026-09-16T01:22:14.974798+00:00,11633,2
15497083,2026-09-16T01:22:16.204861+00:00,13116,4
12141718,2026-09-16T01:22:17.544893+00:00,3465,11
40828,2026-09-16T01:22:18.489498+00:00,28853,2
132966,2026-09-16T01:22:19.644653+00:00,104832,14
15570865,2026-09-16T01:22:20.718218+00:00,723,4
15604306,2026-09-16T01:22:21.818097+00:00,278,2
15554218,2026-09-16T01:22:22.824513+00:00,8983,13
15590290,2026-09-16T01:22:24.062588+00:00,733,1
15559410,2026-09-16T01:22:25.103382+00:00,8821,32
1523397,2026-09-16T01:22:26.228330+00:00,246,1
15569355,2026-09-16T01:22:27.406450+00:00,156,1
15631081,2026-09-16T01:22:28.554414+00:00,86,2
11109133,2026-09-16T01:22:29.599063+00:00,125,0
1294386,2026-09-16T01:22:30.519744+00:00,495,1
15649434,2026-09-16T01:22:31.758189+00:00,45,1
358100,2026-09-16T01:22:32.756648+00:00,918,68
3708,2026-09-16T01:22:33.888713+00:00,1654608,5
15664610,2026-09-16T01:22:34.907102+00:00,0,0
15390659,2026-09-16T01:24:18.689357+00:00,672,4
15514234,2026-09-16T01:24:19.694276+00:00,7772,7
12760751,2026-09-16T01:24:20.899090+00:00,141058,6
2062,2026-09-16T01:24:22.002773+00:00,37710,3
2883392,2026-09-16T01:24:23.042771+00:00,11109,1
13058776,2026-09-16T01:24:24.080878+00:00,54492,20
8683870,2026-09-16T01:24:25.291948+00:00,11633,2
15497083,2026-09-16T01:24:26.588481+00:00,13116,4
12141718,2026-09-16T01:24:27.775736+00:00,3465,11
40828,2026-09-16T01:24:28.847235+00:00,28853,2
132966,2026-09-16T01:24:29.939898+00:00,104832,14
15570865,2026-09-16T01:24:31.212259+00:00,723,4
15604306,2026-09-16T01:24:32.502952+00:00,278,2
15554218,2026-09-16T01:24:33.537308+00:00,8983,13
15590290,2026-09-16T01:24:34.732112+00:00,733,1
15559410,2026-09-16T01:24:35.763506+00:00,8821,32
1523397,2026-09-16T01:24:37.070333+00:00,246,1
15569355,2026-09-16T01:24:38.085377+00:00,156,1
15631081,2026-09-16T01:24:39.087728+00:00,86,2
11109133,2026-09-16T01:24:40.187653+00:00,125,0
1294386,2026-09-16T01:24:41.379377+00:00,495,1
15649434,2026-09-16T01:24:42.432222+00:00,45,1
358100,2026-09-16T01:24:43.799272+00:00,918,68
3708,2026-09-16T01:24:44.854991+00:00,1654608,5
15664610,2026-09-16T01:24:45.887848+00:00,0,0
15390659,2026-09-16T01:24:47.493805+00:00,672,4
15514234,2026-09-16T01:24:48.512161+00:00,7772,7
12760751,2026-09-16T01:24:49.644519+00:00,141058,6
2062,2026-09-16T01:24:50.878019+00:00,37710,3
2883392,2026-09-16T01:24:52.075956+00:00,11109,1
13058776,2026-09-16T01:24:53.059928+00:00,54492,20
8683870,2026-09-16T01:24:54.280273+00:00,11633,2
15497083,2026-09-16T01:24:55.576530+00:00,13116,4
12141718,2026-09-16T01:24:56.812700+00:00,3465,11
40828,2026-09-16T01:24:57.655614+00:00,28853,2
132966,2026-09-16T01:24:58.849610+00:00,104832,14
15570865,2026-09-16T01:25:00.095910+00:00,723,4
15604306,2026-09-16T01:25:01.192863+00:00,278,2
15554218,2026-09-16T01:25:02.544211+00:00,8983,13
15590290,2026-09-16T01:25:03.718904+00:00,733,1
15559410,2026-09-16T01:25:05.003996+00:00,8821,32
1523397,2026-09-16T01:25:05.972333+00:00,246,1
15569355,2026-09-16T01:25:07.146633+00:00,156,1
15631081,2026-09-16T01:25:08.110385+00:00,86,2
11109133,2026-09-16T01:25:09.350839+00:00,125,0
1294386,2026-09-16T01:25:10.355918+00:00,495,1
15649434,2026-09-16T01:25:11.730674+00:00,45,1
358100,2026-09-16T01:25:12.825680+00:00,918,68
3708,2026-09-16T01:25:13.840246+00:00,1654608,5
15664610,2026-09-16T01:25:14.828123+00:00,0,0
15550206,2026-09-16T01:47:05.360555+00:00,1007,23
3708,2026-09-16T01:47:06.157729+00:00,1654608,5
15568266,2026-09-16T01:47:07.451027+00:00,12331,8
15599335,2026-09-16T01:47:08.553400+00:00,639,3
12760751,2026-09-16T01:47:09.436787+00:00,141058,6
15556041,2026-09-16T01:47:10.698971+00:00,902,3
15523066,2026-09-16T01:47:11.853832+00:00,14945,9
11820622,2026-09-16T01:47:13.073536+00:00,15882,1
15570643,2026-09-16T01:47:14.326851+00:00,4683,10
15599253,2026-09-16T01:47:15.313256+00:00,66,1
15605039,2026-09-16T01:47:16.560267+00:00,8522,7
15557676,2026-09-16T01:47:17.607498+00:00,64,4
1161194,2026-09-16T01:47:18.883056+00:00,23598,12
1294386,2026-09-16T01:47:19.785009+00:00,495,1
4035339,2026-09-16T01:47:21.178807+00:00,102699,10
11339806,2026-09-16T01:47:22.400542+00:00,1063,9
12141718,2026-09-16T01:47:23.393151+00:00,3465,11
261744,2026-09-16T01:47:24.588813+00:00,311270,5
15590290,2026-09-16T01:47:25.667758+00:00,733,1
2956,2026-09-16T01:47:27.068499+00:00,891890,46
15524080,2026-09-16T01:47:28.228018+00:00,20615,25
15554218,2026-09-16T01:47:29.167159+00:00,8983,13
15526192,2026-09-16T01:47:30.343434+00:00,2132,13
13671822,2026-09-16T01:47:31.564267+00:00,15608,76
11087885,2026-09-16T01:47:32.700195+00:00,66289,22
6100715,2026-09-16T01:47:33.714400+00:00,47576,1
15606084,2026-09-16T01:47:35.076856+00:00,225,1
15390659,2026-09-16T01:47:36.076384+00:00,672,4
13218438,2026-09-16T01:47:37.328014+00:00,6685,1
1062457,2026-09-16T01:47:38.546362+00:00,9720,9
3215104,2026-09-16T01:47:39.665204+00:00,496000,21
132966,2026-09-16T01:47:40.587699+00:00,104832,14
15351872,2026-09-16T01:47:41.908142+00:00,989,28
13342943,2026-09-16T01:47:43.207818+00:00,6838,32
358100,2026-09-16T01:47:44.205608+00:00,918,68
170233,2026-09-16T01:47:45.479096+00:00,59850,40
1523397,2026-09-16T01:47:46.466240+00:00,246,1
15552568,2026-09-16T01:47:47.634918+00:00,1146,13
88888,2026-09-16T01:47:48.759313+00:00,27565,14
15562310,2026-09-16T01:47:49.936055+00:00,233,1
15622872,2026-09-16T01:47:51.166591+00:00,86,4
8220201,2026-09-16T01:47:52.359129+00:00,1565,8
13601421,2026-09-16T01:47:53.610722+00:00,498,3
2853091,2026-09-16T01:47:54.661466+00:00,6483,5
1584833,2026-09-16T01:47:56.037244+00:00,14919,9
157014,2026-09-16T01:47:57.312194+00:00,395573,7
15527934,2026-09-16T01:47:58.299462+00:00,1835,7
15650153,2026-09-16T01:47:59.359344+00:00,111,2
15494535,2026-09-16T01:48:01.332082+00:00,1376,23
2802861,2026-09-16T01:48:01.976335+00:00,12486,8
5679615,2026-09-16T01:48:02.916726+00:00,45824,28
691068,2026-09-16T01:48:04.163961+00:00,26695,25
15607876,2026-09-16T01:48:05.170640+00:00,51,2
610195,2026-09-16T01:48:06.169829+00:00,18606,77
15593499,2026-09-16T01:48:07.258860+00:00,2443,16
10402828,2026-09-16T01:48:08.492460+00:00,8561,6
15616300,2026-09-16T01:48:09.502212+00:00,19,5
9440272,2026-09-16T01:48:10.580204+00:00,2344,7
15570865,2026-09-16T01:48:11.626923+00:00,723,4
257394,2026-09-16T01:48:13.020892+00:00,693212,48
15645599,2026-09-16T01:48:14.082631+00:00,46,10
15266918,2026-09-16T01:48:15.218323+00:00,344,6
2827604,2026-09-16T01:48:16.376350+00:00,113,2
15561853,2026-09-16T01:48:17.339279+00:00,13942,23
11242356,2026-09-16T01:48:18.509030+00:00,10970,6
14783028,2026-09-16T01:48:19.416304+00:00,403724,6
5072976,2026-09-16T01:48:20.657627+00:00,8342,21
5484334,2026-09-16T01:48:21.767280+00:00,5744,1
15649434,2026-09-16T01:48:22.803955+00:00,45,1
40828,2026-09-16T01:48:23.892990+00:00,28853,2
11393198,2026-09-16T01:48:25.254415+00:00,989,1
5585634,2026-09-16T01:48:26.320482+00:00,1335622,9
15497083,2026-09-16T01:48:27.513483+00:00,13116,4
15559410,2026-09-16T01:48:28.401922+00:00,8821,32
6038498,2026-09-16T01:48:29.787582+00:00,1834,1
15393755,2026-09-16T01:48:30.801970+00:00,26316,1
15539907,2026-09-16T01:48:31.870019+00:00,2095,13
15604306,2026-09-16T01:48:33.121469+00:00,278,2
15537445,2026-09-16T01:48:34.484918+00:00,736,13
14521907,2026-09-16T01:48:35.576112+00:00,5720,13
13058776,2026-09-16T01:48:36.596111+00:00,54492,20
15556979,2026-09-16T01:48:38.154066+00:00,66,1
5410093,2026-09-16T01:48:39.198860+00:00,5783,18
15664689,2026-09-16T01:48:40.264054+00:00,0,2
11886611,2026-09-16T01:48:41.302177+00:00,10774,2
307860,2026-09-16T01:48:42.694593+00:00,100781,8
15517919,2026-09-16T01:48:43.596334+00:00,9379,9
9916793,2026-09-16T01:48:44.635887+00:00,10059,2
6633802,2026-09-16T01:48:46.021015+00:00,59825,2
237265,2026-09-16T01:48:47.139438+00:00,2669,13
15664610,2026-09-16T01:48:47.971918+00:00,0,0
4364,2026-09-16T01:48:49.334797+00:00,213607,68
8683870,2026-09-16T01:48:50.340576+00:00,11633,2
8877674,2026-09-16T01:48:51.643898+00:00,4184,1
2883392,2026-09-16T01:48:52.533889+00:00,11109,1
219361,2026-09-16T01:48:53.956216+00:00,3009,1
15569355,2026-09-16T01:48:55.003031+00:00,156,1
15523633,2026-09-16T01:48:56.209983+00:00,3169,13
8916993,2026-09-16T01:48:57.561023+00:00,161474,9
14827412,2026-09-16T01:48:58.803714+00:00,58300,6
13497965,2026-09-16T01:49:00.183065+00:00,80519,18
15563609,2026-09-16T01:49:01.068578+00:00,1463,5
1187544,2026-09-16T01:49:02.275409+00:00,129,5
15472581,2026-09-16T01:49:03.475398+00:00,77,11
15631081,2026-09-16T01:49:04.480564+00:00,86,2
3293449,2026-09-16T01:49:05.949644+00:00,122333,21
51758,2026-09-16T01:49:06.907292+00:00,113422,27
15581629,2026-09-16T01:49:08.068636+00:00,342,7
15536339,2026-09-16T01:49:09.324611+00:00,29606,16
2335724,2026-09-16T01:49:10.525919+00:00,231,23
706730,2026-09-16T01:49:11.725901+00:00,199725,55
4516165,2026-09-16T01:49:12.708445+00:00,34807,25
1227948,2026-09-16T01:49:14.031064+00:00,40925,12
3060819,2026-09-16T01:49:15.091251+00:00,554,1
8284,2026-09-16T01:49:16.158509+00:00,147945,7
57551,2026-09-16T01:49:17.200618+00:00,7166,13
4414600,2026-09-16T01:49:18.474453+00:00,3246,13
8331524,2026-09-16T01:49:19.804205+00:00,66130,13
15620755,2026-09-16T01:49:20.757573+00:00,45,1
15514234,2026-09-16T01:49:21.877757+00:00,7772,7
15470880,2026-09-16T01:49:23.109272+00:00,5888,31
5487881,2026-09-16T01:49:24.158000+00:00,6213,2
917982,2026-09-16T01:49:25.207129+00:00,51341,18
1019951,2026-09-16T01:49:26.359915+00:00,5501,5
2062,2026-09-16T01:49:27.535887+00:00,37710,3
1588976,2026-09-16T01:49:28.697143+00:00,500188,12
15550206,2026-09-16T01:55:08.121198+00:00,1007,23
3708,2026-09-16T01:55:08.905879+00:00,1654608,5
15568266,2026-09-16T01:55:10.218751+00:00,12331,8
15599335,2026-09-16T01:55:11.379370+00:00,639,3
12760751,2026-09-16T01:55:12.623582+00:00,141058,6
15556041,2026-09-16T01:55:13.925694+00:00,902,3
15523066,2026-09-16T01:55:14.969774+00:00,14945,9
11820622,2026-09-16T01:55:16.013997+00:00,15882,1
15570643,2026-09-16T01:55:17.115808+00:00,4683,10
15599253,2026-09-16T01:55:18.243445+00:00,66,1
15605039,2026-09-16T01:55:19.357739+00:00,8522,7
15557676,2026-09-16T01:55:20.437121+00:00,64,4
1161194,2026-09-16T01:55:21.796694+00:00,23598,12
1294386,2026-09-16T01:55:23.082585+00:00,495,1
4035339,2026-09-16T01:55:24.275628+00:00,102699,10
11339806,2026-09-16T01:55:25.503736+00:00,1063,9
12141718,2026-09-16T01:55:26.755599+00:00,3465,11
261744,2026-09-16T01:55:28.097892+00:00,311270,5
15590290,2026-09-16T01:55:29.107952+00:00,733,1
2956,2026-09-16T01:55:30.368393+00:00,891890,46
15524080,2026-09-16T01:55:31.412534+00:00,20615,25
15554218,2026-09-16T01:55:32.466455+00:00,8983,13
15526192,2026-09-16T01:55:33.510390+00:00,2132,13
13671822,2026-09-16T01:55:34.869734+00:00,15608,76
11087885,2026-09-16T01:55:35.909533+00:00,66289,22
6100715,2026-09-16T01:55:37.189624+00:00,47576,1
15606084,2026-09-16T01:55:38.226683+00:00,225,1
15390659,2026-09-16T01:55:39.464839+00:00,672,4
13218438,2026-09-16T01:55:40.686756+00:00,6685,1
1062457,2026-09-16T01:55:41.909044+00:00,9720,9
3215104,2026-09-16T01:55:43.031028+00:00,496000,21
132966,2026-09-16T01:55:44.369522+00:00,104832,14
15351872,2026-09-16T01:55:45.255857+00:00,989,28
13342943,2026-09-16T01:55:46.395288+00:00,6838,32
358100,2026-09-16T01:55:47.594941+00:00,918,68
170233,2026-09-16T01:55:48.731897+00:00,59850,40
1523397,2026-09-16T01:55:49.870926+00:00,246,1
15552568,2026-09-16T01:55:50.989577+00:00,1146,13
88888,2026-09-16T01:55:52.155672+00:00,27565,14
15562310,2026-09-16T01:55:53.206870+00:00,233,1
15622872,2026-09-16T01:55:54.482822+00:00,86,4
8220201,2026-09-16T01:55:55.831619+00:00,1565,8
13601421,2026-09-16T01:55:56.647281+00:00,498,3
2853091,2026-09-16T01:55:57.929768+00:00,6483,5
1584833,2026-09-16T01:55:58.981150+00:00,14919,9
157014,2026-09-16T01:56:00.247088+00:00,395573,7
15527934,2026-09-16T01:56:01.600710+00:00,1835,7
15650153,2026-09-16T01:56:02.546833+00:00,111,2
15494535,2026-09-16T01:56:03.906553+00:00,1376,23
2802861,2026-09-16T01:56:05.176902+00:00,12486,8
5679615,2026-09-16T01:56:06.172939+00:00,45824,28
691068,2026-09-16T01:56:07.178695+00:00,26695,25
15607876,2026-09-16T01:56:08.453552+00:00,51,2
610195,2026-09-16T01:56:09.639808+00:00,18606,77
15593499,2026-09-16T01:56:10.866125+00:00,2443,16
10402828,2026-09-16T01:56:12.166790+00:00,8561,6
15616300,2026-09-16T01:56:13.369256+00:00,19,5
9440272,2026-09-16T01:56:14.401553+00:00,2344,7
15570865,2026-09-16T01:56:15.598721+00:00,723,4
257394,2026-09-16T01:56:16.805310+00:00,693212,48
15645599,2026-09-16T01:56:17.875096+00:00,46,10
15266918,2026-09-16T01:56:19.006549+00:00,344,6
2827604,2026-09-16T01:56:20.333035+00:00,113,2
15561853,2026-09-16T01:56:21.531203+00:00,13942,23
11242356,2026-09-16T01:56:22.789668+00:00,10970,6
14783028,2026-09-16T01:56:24.032782+00:00,403724,6
5072976,2026-09-16T01:56:25.409439+00:00,8342,21
5484334,2026-09-16T01:56:26.425109+00:00,5744,1
15649434,2026-09-16T01:56:27.599826+00:00,45,1
40828,2026-09-16T01:56:28.856478+00:00,28853,2
11393198,2026-09-16T01:56:30.155081+00:00,989,1
5585634,2026-09-16T01:56:31.354527+00:00,1335622,9
15497083,2026-09-16T01:56:32.532007+00:00,13116,4
15559410,2026-09-16T01:56:33.703907+00:00,8821,32
6038498,2026-09-16T01:56:34.818503+00:00,1834,1
15393755,2026-09-16T01:56:36.199090+00:00,26316,1
15539907,2026-09-16T01:56:37.412873+00:00,2095,13
15604306,2026-09-16T01:56:38.374135+00:00,278,2
15537445,2026-09-16T01:56:39.574466+00:00,736,13
14521907,2026-09-16T01:56:40.658613+00:00,5720,13
13058776,2026-09-16T01:56:42.031203+00:00,54492,20
15556979,2026-09-16T01:56:43.293722+00:00,66,1
5410093,2026-09-16T01:56:44.588160+00:00,5783,18
15664689,2026-09-16T01:56:45.645518+00:00,0,2
11886611,2026-09-16T01:56:46.917182+00:00,10774,2
307860,2026-09-16T01:56:48.118162+00:00,100781,8
15517919,2026-09-16T01:56:49.141009+00:00,9379,9
9916793,2026-09-16T01:56:50.431330+00:00,10059,2
6633802,2026-09-16T01:56:51.534403+00:00,59825,2
237265,2026-09-16T01:56:52.806677+00:00,2669,13
15664610,2026-09-16T01:56:54.069126+00:00,0,0
4364,2026-09-16T01:56:55.292853+00:00,213607,68
8683870,2026-09-16T01:56:56.469308+00:00,11633,2
8877674,2026-09-16T01:56:57.701399+00:00,4184,1
2883392,2026-09-16T01:56:58.749730+00:00,11109,1
219361,2026-09-16T01:57:00.035204+00:00,3009,1
15569355,2026-09-16T01:57:01.064976+00:00,156,1
15523633,2026-09-16T01:57:02.214785+00:00,3169,13
8916993,2026-09-16T01:57:03.261342+00:00,161474,9
14827412,2026-09-16T01:57:04.527828+00:00,58300,6
13497965,2026-09-16T01:57:05.799539+00:00,80519,18
15563609,2026-09-16T01:57:06.937499+00:00,1463,5
1187544,2026-09-16T01:57:08.029088+00:00,129,5
15472581,2026-09-16T01:57:09.239648+00:00,77,11
15631081,2026-09-16T01:57:10.521900+00:00,86,2
3293449,2026-09-16T01:57:11.563311+00:00,122333,21
51758,2026-09-16T01:57:12.605554+00:00,113422,27
15581629,2026-09-16T01:57:13.745045+00:00,342,7
15536339,2026-09-16T01:57:15.006053+00:00,29606,16
2335724,2026-09-16T01:57:16.074103+00:00,231,23
706730,2026-09-16T01:57:17.439408+00:00,199725,55
4516165,2026-09-16T01:57:18.309834+00:00,34807,25
1227948,2026-09-16T01:57:19.726043+00:00,40925,12
3060819,2026-09-16T01:57:20.996186+00:00,554,1
8284,2026-09-16T01:57:21.972912+00:00,147945,7
57551,2026-09-16T01:57:23.393827+00:00,7166,13
4414600,2026-09-16T01:57:24.458749+00:00,3246,13
8331524,2026-09-16T01:57:25.370530+00:00,66130,13
15620755,2026-09-16T01:57:26.534344+00:00,45,1
15514234,2026-09-16T01:57:27.591420+00:00,7772,7
15470880,2026-09-16T01:57:28.944682+00:00,5888,31
5487881,2026-09-16T01:57:30.055619+00:00,6213,2
917982,2026-09-16T01:57:31.299615+00:00,51341,18
1019951,2026-09-16T01:57:32.392258+00:00,5501,5
2062,2026-09-16T01:57:33.598497+00:00,37710,3
1588976,2026-09-16T01:57:34.434155+00:00,500188,12
