event_id,observed_at,status,price_min,price_max,lineup_size,days_until
rZ7HnEZ1AfAKA0,2026-09-20T22:44:16.502003+00:00,offsale,16.56,16.56,0,-4
rZ7HnEZ1A4Zajd,2026-09-20T22:44:16.502003+00:00,offsale,20.03,41.13,0,-4
G5vzZ_2XrhjsN,2026-09-20T22:44:16.502003+00:00,onsale,,,2,-3
Z7r9jZ1A7q3uJ,2026-09-20T22:44:16.502003+00:00,onsale,,,1,-3
G5vzZ_ajd-Wwq,2026-09-20T22:44:16.502003+00:00,onsale,,,1,-3
G5vzZ_o1_qy5p,2026-09-20T22:44:16.502003+00:00,onsale,,,2,-3
Z7r9jZ1A7-bGS,2026-09-20T22:44:16.502003+00:00,onsale,,,2,-3
Z7r9jZ1A7J4uJ,2026-09-20T22:44:16.502003+00:00,onsale,,,3,-3
Z7r9jZ1A7Pw4P,2026-09-20T22:44:16.502003+00:00,onsale,,,1,-3
Z7r9jZ1AAZw_0,2026-09-20T22:44:16.502003+00:00,onsale,,,2,-3
rZ7HnEZ1AfZU0V,2026-09-20T22:44:16.502003+00:00,onsale,8.73,8.73,0,-3
G5vzZ_eBF3P-E,2026-09-20T22:44:16.502003+00:00,onsale,,,23,-2
G5vzZ_unyOJeF,2026-09-20T22:44:16.502003+00:00,onsale,,,3,-2
Z7r9jZ1A7PkFf,2026-09-20T22:44:16.502003+00:00,onsale,,,2,-2
rZ7HnEZ1AfZUv7,2026-09-20T22:44:16.502003+00:00,onsale,14.13,14.13,0,-2
G5vzZ_6R2OX7y,2026-09-20T22:44:16.502003+00:00,onsale,,,1,-2
G5vzZ_apbcp_b,2026-09-20T22:44:16.502003+00:00,onsale,,,2,-2
Z7r9jZ1A709O7,2026-09-20T22:44:16.502003+00:00,onsale,,,2,-2
Z7r9jZ1A7JfOp,2026-09-20T22:44:16.502003+00:00,onsale,,,1,-2
Z7r9jZ1AAZ0ae,2026-09-20T22:44:16.502003+00:00,onsale,,,2,-2
G5vzZ_6JR8axI,2026-09-20T22:44:16.502003+00:00,onsale,,,1,-2
Z7r9jZ1A7-U7o,2026-09-20T22:44:16.502003+00:00,onsale,,,1,-2
rZ7HnEZ1AfFyA0,2026-09-20T22:44:16.502003+00:00,onsale,24.15,24.15,0,-2
rZ7HnEZ1AfG3rf,2026-09-20T22:44:16.502003+00:00,onsale,,,0,-2
1718v0G6C7pA8VL,2026-09-20T22:44:16.502003+00:00,onsale,,,0,-2
G5vzZ_26zrFBp,2026-09-20T22:44:16.502003+00:00,onsale,,,1,-2
G5vzZ_oC9PEHy,2026-09-20T22:44:16.502003+00:00,onsale,,,1,-2
rZ7HnEZ1AfagaV,2026-09-20T22:44:16.502003+00:00,onsale,76.52,76.52,0,-2
rZ7HnEZ1A4Z-kd,2026-09-20T22:44:16.502003+00:00,onsale,24.95,24.95,0,-2
rZ7HnEZ1A4ZYfd,2026-09-20T22:44:16.502003+00:00,onsale,24.95,24.95,1,-2
rZ7HnEZ1A4vkxd,2026-09-20T22:44:16.502003+00:00,onsale,24.95,24.95,1,-2
rZ7HnEZ1Afapf7,2026-09-20T22:44:16.502003+00:00,onsale,29.95,29.95,0,-2
G5vzZ_6R2VrkQ,2026-09-20T22:44:16.502003+00:00,onsale,,,1,-2
rZ7HnEZ1AfJd4d,2026-09-20T22:44:16.502003+00:00,onsale,0.0,0.0,2,-1
rZ7HnEZ1AfJdbd,2026-09-20T22:44:16.502003+00:00,onsale,0.0,0.0,2,-1
rZ7HnEZ1AfJd0K,2026-09-20T22:44:16.502003+00:00,onsale,0.0,0.0,2,-1
rZ7HnEZ1AfJ7FN,2026-09-20T22:44:16.502003+00:00,onsale,0.0,0.0,2,-1
G5vzZ_eBFhgxE,2026-09-20T22:44:16.502003+00:00,onsale,,,23,-1
rZ7HnEZ1AfJdfN,2026-09-20T22:44:16.502003+00:00,onsale,0.0,0.0,2,-1
rZ7HnEZ1AfJd_K,2026-09-20T22:44:16.502003+00:00,onsale,0.0,0.0,2,-1
rZ7HnEZ1AfJdCd,2026-09-20T22:44:16.502003+00:00,onsale,0.0,0.0,2,-1
rZ7HnEZ1AfJdjd,2026-09-20T22:44:16.502003+00:00,onsale,0.0,0.0,2,-1
rZ7HnEZ1AfJdbN,2026-09-20T22:44:16.502003+00:00,onsale,0.0,0.0,2,-1
rZ7HnEZ1AfJd4N,2026-09-20T22:44:16.502003+00:00,onsale,0.0,0.0,2,-1
rZ7HnEZ1AfJ7FK,2026-09-20T22:44:16.502003+00:00,onsale,0.0,0.0,2,-1
rZ7HnEZ1AfJKeK,2026-09-20T22:44:16.502003+00:00,onsale,24.95,24.95,1,-1
G5vzZ_1Mp7mfl,2026-09-20T22:44:16.502003+00:00,onsale,,,1,-1
G5vzZ_6mF-AVB,2026-09-20T22:44:16.502003+00:00,onsale,,,2,-1
G5vzZ_G2aMr1J,2026-09-20T22:44:16.502003+00:00,onsale,,,2,-1
G5vzZ_GtovGEe,2026-09-20T22:44:16.502003+00:00,onsale,,,2,-1
Z7r9jZ1A70EFZ,2026-09-20T22:44:16.502003+00:00,onsale,,,1,-1
rZ7HnEZ1AfZgfV,2026-09-20T22:44:16.502003+00:00,onsale,25.18,25.18,0,-1
G5vzZ_6R2ICAj,2026-09-20T22:44:16.502003+00:00,onsale,,,1,-1
G5vzZ_ap_xkrD,2026-09-20T22:44:16.502003+00:00,onsale,,,2,-1
Z7r9jZ1A709uE,2026-09-20T22:44:16.502003+00:00,onsale,,,2,-1
1718v0G6CIoWv1H,2026-09-20T22:44:16.502003+00:00,onsale,,,0,-1
G5vzZ_1RgFc0g,2026-09-20T22:44:16.502003+00:00,onsale,,,1,-1
G5vzZ_2KpMXP3,2026-09-20T22:44:16.502003+00:00,onsale,,,2,-1
G5vzZ_2RUvts1,2026-09-20T22:44:16.502003+00:00,onsale,,,1,-1
Z7r9jZ1A70bOp,2026-09-20T22:44:16.502003+00:00,onsale,,,1,-1
Z7r9jZ1AAZoZK,2026-09-20T22:44:16.502003+00:00,onsale,,,1,-1
rZ7HnEZ1AfG3Of,2026-09-20T22:44:16.502003+00:00,onsale,,,0,-1
rZ7HnEZ1AfakuV,2026-09-20T22:44:16.502003+00:00,onsale,24.2,24.2,0,-1
G5vzZ_CE-Nq6Y,2026-09-20T22:44:16.502003+00:00,onsale,,,0,-1
Z7r9jZ1A7074z,2026-09-20T22:44:16.502003+00:00,onsale,,,1,-1
Z7r9jZ1A7PK8V,2026-09-20T22:44:16.502003+00:00,onsale,,,1,-1
rZ7HnEZ1Af1vP0,2026-09-20T22:44:16.502003+00:00,offsale,71.18,71.18,0,-1
rZ7HnEZ1A4ZZOd,2026-09-20T22:44:16.502003+00:00,onsale,0.0,14.95,1,-1
rZ7HnEZ1AfkbPf,2026-09-20T22:44:16.502003+00:00,onsale,34.95,34.95,1,-1
rZ7HnEZ1AfJd8K,2026-09-20T22:44:16.502003+00:00,offsale,0.0,0.0,2,0
rZ7HnEZ1AfJd_S,2026-09-20T22:44:16.502003+00:00,offsale,0.0,0.0,2,0
rZ7HnEZ1AfJd0d,2026-09-20T22:44:16.502003+00:00,offsale,0.0,0.0,2,0
rZ7HnEZ1AfJ7ad,2026-09-20T22:44:16.502003+00:00,offsale,0.0,0.0,2,0
G5vzZ_eBFPPNH,2026-09-20T22:44:16.502003+00:00,offsale,,,23,0
rZ7HnEZ1AfJdpd,2026-09-20T22:44:16.502003+00:00,offsale,0.0,0.0,2,0
rZ7HnEZ1AfJdpK,2026-09-20T22:44:16.502003+00:00,offsale,0.0,0.0,2,0
rZ7HnEZ1AfJdoN,2026-09-20T22:44:16.502003+00:00,offsale,0.0,0.0,2,0
G5vzZ_GNlcHg2,2026-09-20T22:44:16.502003+00:00,offsale,,,0,0
rZ7HnEZ1AfJdfK,2026-09-20T22:44:16.502003+00:00,offsale,0.0,0.0,2,0
rZ7HnEZ1AfJdfd,2026-09-20T22:44:16.502003+00:00,offsale,0.0,0.0,2,0
rZ7HnEZ1AfJdjN,2026-09-20T22:44:16.502003+00:00,offsale,0.0,0.0,2,0
rZ7HnEZ1AfJ7GK,2026-09-20T22:44:16.502003+00:00,offsale,0.0,0.0,2,0
rZ7HnEZ1AfZgAV,2026-09-20T22:44:16.502003+00:00,onsale,14.13,14.13,0,0
G5vzZ_F_W-f16,2026-09-20T22:44:16.502003+00:00,onsale,,,1,0
Z7r9jZ1A7PKPI,2026-09-20T22:44:16.502003+00:00,onsale,,,2,0
Z7r9jZ1A7-ZQ4,2026-09-20T22:44:16.502003+00:00,onsale,,,1,0
Z7r9jZ1A70gOF,2026-09-20T22:44:16.502003+00:00,onsale,,,1,0
G5vzZ_59NncqS,2026-09-20T22:44:16.502003+00:00,onsale,,,3,1
G5vzZ_CQuvdce,2026-09-20T22:44:16.502003+00:00,onsale,,,2,1
1Ae0Z_8Gkc8Oozp,2026-09-20T22:44:16.502003+00:00,onsale,,,1,1
G5vzZ_1jnMED1,2026-09-20T22:44:16.502003+00:00,onsale,,,3,1
Z7r9jZ1A7OxCF,2026-09-20T22:44:16.502003+00:00,onsale,,,1,1
Z7r9jZ1A7Oy3p,2026-09-20T22:44:16.502003+00:00,onsale,,,1,1
G5vzZ_GwxMtOl,2026-09-20T22:44:16.502003+00:00,onsale,,,2,2
Z7r9jZ1A7P47K,2026-09-20T22:44:16.502003+00:00,onsale,,,4,2
G5vzZ_agWKJGt,2026-09-20T22:44:16.502003+00:00,onsale,,,2,2
Z7r9jZ1A7-O4Y,2026-09-20T22:44:16.502003+00:00,onsale,,,2,2
Z7r9jZ1A70NJF,2026-09-20T22:44:16.502003+00:00,onsale,,,2,2
Z7r9jZ1A70k7F,2026-09-20T22:44:16.502003+00:00,onsale,,,2,2
Z7r9jZ1A7P-aS,2026-09-20T22:44:16.502003+00:00,onsale,,,1,2
G5vzZ_FnWOqZM,2026-09-20T22:44:16.502003+00:00,onsale,,,4,3
G5vzZ_5MBaWLX,2026-09-20T22:44:16.502003+00:00,onsale,,,3,3
rZ7HnEZ1AfAKZf,2026-09-20T22:44:16.502003+00:00,onsale,16.56,16.56,0,3
G5vzZ_ClRWqLF,2026-09-20T22:44:16.502003+00:00,onsale,,,3,3
G5vzZ_k3QJbl5,2026-09-20T22:44:16.502003+00:00,rescheduled,,,2,3
G5vzZ_F1xWcbS,2026-09-20T22:44:16.502003+00:00,onsale,,,1,3
Z7r9jZ1A7-SFP,2026-09-20T22:44:16.502003+00:00,onsale,,,1,3
1718v0G6295t8L8,2026-09-20T22:44:16.502003+00:00,onsale,,,1,3
G5vzZ_32jrYXh,2026-09-20T22:44:16.502003+00:00,onsale,,,2,3
G5vzZ_6XJb_jY,2026-09-20T22:44:16.502003+00:00,onsale,,,1,3
G5vzZ_F1DRoV4,2026-09-20T22:44:16.502003+00:00,onsale,,,2,3
Z7r9jZ1A70EZg,2026-09-20T22:44:16.502003+00:00,onsale,,,1,3
Z7r9jZ1A70p_O,2026-09-20T22:44:16.502003+00:00,onsale,,,2,3
Z7r9jZ1A7PoeK,2026-09-20T22:44:16.502003+00:00,onsale,,,2,3
Z7r9jZ1AAZdaV,2026-09-20T22:44:16.502003+00:00,onsale,,,1,3
rZ7HnEZ1AfxAAK,2026-09-20T22:44:16.502003+00:00,onsale,,,0,3
G5vzZ_557vtgC,2026-09-20T22:44:16.502003+00:00,onsale,,,2,3
G5vzZ_aNyxj7v,2026-09-20T22:44:16.502003+00:00,onsale,,,3,4
G5vzZ_CB7f7g2,2026-09-20T22:44:16.502003+00:00,onsale,,,0,4
G5vzZ_agZhbVn,2026-09-20T22:44:16.502003+00:00,onsale,,,2,4
G5vzZ_u1mS_gk,2026-09-20T22:44:16.502003+00:00,onsale,,,2,4
Z7r9jZ1A7Pej4,2026-09-20T22:44:16.502003+00:00,onsale,,,1,4
G5vzZbUIGBG4z,2026-09-20T22:44:16.502003+00:00,onsale,,,1,4
Z7r9jZ1A7rZoF,2026-09-20T22:44:16.502003+00:00,onsale,,,1,4
Z7r9jZ1A7x3o_,2026-09-20T22:44:16.502003+00:00,onsale,,,1,4
G5vzZ_CrNzJ1_,2026-09-20T22:44:16.502003+00:00,onsale,,,1,4
G5vzZ_u61Wq19,2026-09-20T22:44:16.502003+00:00,onsale,,,3,4
Z7r9jZ1A7-ff8,2026-09-20T22:44:16.502003+00:00,onsale,,,1,4
Z7r9jZ1A7-yuO,2026-09-20T22:44:16.502003+00:00,onsale,,,1,4
Z7r9jZ1A7JdjZ,2026-09-20T22:44:16.502003+00:00,onsale,,,1,4
Z7r9jZ1A7JeuV,2026-09-20T22:44:16.502003+00:00,onsale,,,1,4
Z7r9jZ1A7P0oM,2026-09-20T22:44:16.502003+00:00,onsale,,,3,4
Z7r9jZ1A7x9Az,2026-09-20T22:44:16.502003+00:00,onsale,,,1,4
rZ7HnEZ1A4Z-aN,2026-09-20T22:44:16.502003+00:00,onsale,24.95,24.95,0,4
rZ7HnEZ1AfZUf7,2026-09-20T22:44:16.502003+00:00,onsale,8.73,8.73,0,4
G5vzZ_uawlK8v,2026-09-20T22:44:16.502003+00:00,onsale,,,2,4
Z7r9jZ1A70sAw,2026-09-20T22:44:16.502003+00:00,onsale,,,3,4
G5vzZ_Fnd44hW,2026-09-20T22:44:16.502003+00:00,onsale,,,1,4
Z7r9jZ1A7xePp,2026-09-20T22:44:16.502003+00:00,onsale,,,2,5
G5vzZ_2rWMCgb,2026-09-20T22:44:16.502003+00:00,onsale,,,1,5
G5vzZ_GSDT4G4,2026-09-20T22:44:16.502003+00:00,onsale,,,2,5
G5vzZ_uJB7mUC,2026-09-20T22:44:16.502003+00:00,onsale,,,4,5
Z7r9jZ1A7Ppue,2026-09-20T22:44:16.502003+00:00,onsale,,,2,5
Z7r9jZ1A7Pwoy,2026-09-20T22:44:16.502003+00:00,onsale,,,4,5
rZ7HnEZ1AfZUuf,2026-09-20T22:44:16.502003+00:00,onsale,14.13,14.13,0,5
G5vzZbUrlFEoA,2026-09-20T22:44:16.502003+00:00,onsale,,,1,5
Z7r9jZ1A70JGN,2026-09-20T22:44:16.502003+00:00,onsale,,,1,5
Z7r9jZ1A70gjf,2026-09-20T22:44:16.502003+00:00,onsale,,,1,5
Z7r9jZ1A7J__k,2026-09-20T22:44:16.502003+00:00,onsale,,,2,5
16e0Z_aGfG7c-R-,2026-09-20T22:44:16.502003+00:00,onsale,,,1,5
G5vzZ_ALltR_P,2026-09-20T22:44:16.502003+00:00,onsale,,,2,5
G5vzZ_G1hWlbw,2026-09-20T22:44:16.502003+00:00,onsale,,,1,5
Z7r9jZ1A7-3fF,2026-09-20T22:44:16.502003+00:00,onsale,,,2,5
Z7r9jZ1A70oQf,2026-09-20T22:44:16.502003+00:00,onsale,,,1,5
Z7r9jZ1A7PdjN,2026-09-20T22:44:16.502003+00:00,onsale,,,1,5
Z7r9jZ1A7xfCf,2026-09-20T22:44:16.502003+00:00,onsale,,,1,5
rZ7HnEZ1AfG3O7,2026-09-20T22:44:16.502003+00:00,onsale,,,0,5
Z7r9jZ1A7xZA8,2026-09-20T22:44:16.502003+00:00,onsale,,,1,5
G5vzZ_Gl-tRPp,2026-09-20T22:44:16.502003+00:00,onsale,,,2,5
G5vzZ_u674Hrk,2026-09-20T22:44:16.502003+00:00,onsale,,,2,5
Z7r9jZ1A7-t0b,2026-09-20T22:44:16.502003+00:00,onsale,,,1,5
Z7r9jZ1A7qV_4,2026-09-20T22:44:16.502003+00:00,onsale,,,1,5
rZ7HnEZ1Af7ao0,2026-09-20T22:44:16.502003+00:00,onsale,71.18,92.53,1,5
rZ7HnEZ1AfJb0N,2026-09-20T22:44:16.502003+00:00,onsale,24.95,24.95,1,5
rZ7HnEZ1Afap3f,2026-09-20T22:44:16.502003+00:00,onsale,24.95,24.95,1,5
rZ7HnEZ1AfJduN,2026-09-20T22:44:16.502003+00:00,onsale,0.0,0.0,2,6
rZ7HnEZ1AfJd_d,2026-09-20T22:44:16.502003+00:00,onsale,0.0,0.0,2,6
rZ7HnEZ1AfJdxd,2026-09-20T22:44:16.502003+00:00,onsale,0.0,0.0,2,6
rZ7HnEZ1AfJ7aS,2026-09-20T22:44:16.502003+00:00,onsale,0.0,0.0,2,6
Z7r9jZ1AAv8Fa,2026-09-20T22:44:16.502003+00:00,onsale,,,1,6
rZ7HnEZ1AfJd4K,2026-09-20T22:44:16.502003+00:00,onsale,0.0,0.0,2,6
rZ7HnEZ1AfJd1K,2026-09-20T22:44:16.502003+00:00,onsale,0.0,0.0,2,6
G5vzZ_5nMjjlm,2026-09-20T22:44:16.502003+00:00,onsale,,,6,6
rZ7HnEZ1AfJdoK,2026-09-20T22:44:16.502003+00:00,onsale,0.0,0.0,2,6
rZ7HnEZ1AfJdQK,2026-09-20T22:44:16.502003+00:00,onsale,0.0,0.0,2,6
rZ7HnEZ1AfJd_N,2026-09-20T22:44:16.502003+00:00,onsale,0.0,0.0,2,6
rZ7HnEZ1AfJdCK,2026-09-20T22:44:16.502003+00:00,onsale,0.0,0.0,2,6
rZ7HnEZ1AfJ7aK,2026-09-20T22:44:16.502003+00:00,onsale,30.85,30.85,2,6
Z7r9jZ1A7-sxp,2026-09-20T22:44:16.502003+00:00,onsale,,,3,6
G5vzZ_5MzhjYh,2026-09-20T22:44:16.502003+00:00,onsale,,,3,6
G5vzZ_6lC9HUo,2026-09-20T22:44:16.502003+00:00,onsale,,,2,6
G5vzZ_ejS7nIg,2026-09-20T22:44:16.502003+00:00,onsale,,,3,6
G5vzZ_uQXkhQK,2026-09-20T22:44:16.502003+00:00,onsale,,,4,6
Z7r9jZ1A70ovV,2026-09-20T22:44:16.502003+00:00,onsale,,,2,6
Z7r9jZ1A7O9_A,2026-09-20T22:44:16.502003+00:00,onsale,,,3,6
Z7r9jZ1A7PIZk,2026-09-20T22:44:16.502003+00:00,onsale,,,4,6
rZ7HnEZ1AfZg47,2026-09-20T22:44:16.502003+00:00,onsale,25.18,25.18,0,6
G5vzZbgrR4Vei,2026-09-20T22:44:16.502003+00:00,onsale,,,1,6
Z7r9jZ1A70JGO,2026-09-20T22:44:16.502003+00:00,onsale,,,1,6
Z7r9jZ1AAZt7J,2026-09-20T22:44:16.502003+00:00,onsale,,,1,6
G5vzZ_51yBtAi,2026-09-20T22:44:16.502003+00:00,onsale,,,1,6
G5vzZ_Arx3tGZ,2026-09-20T22:44:16.502003+00:00,onsale,,,2,6
G5vzZ_G1j0lqx,2026-09-20T22:44:16.502003+00:00,onsale,,,1,6
G5vzZ_aK8GlLt,2026-09-20T22:44:16.502003+00:00,onsale,,,3,6
G5vzZ_ueD5n6H,2026-09-20T22:44:16.502003+00:00,onsale,,,2,6
Z7r9jZ1A7-73b,2026-09-20T22:44:16.502003+00:00,onsale,,,1,6
Z7r9jZ1A7-xPd,2026-09-20T22:44:16.502003+00:00,onsale,,,1,6
Z7r9jZ1A70E0V,2026-09-20T22:44:16.502003+00:00,onsale,,,1,6
Z7r9jZ1A7PdjY,2026-09-20T22:44:16.502003+00:00,onsale,,,1,6
Z7r9jZ1A7xf-y,2026-09-20T22:44:16.502003+00:00,onsale,,,3,6
1AtZkfoGkdbXoHS,2026-09-20T22:44:16.502003+00:00,onsale,,,1,6
Z7r9jZ1AAZV4U,2026-09-20T22:44:16.502003+00:00,onsale,,,1,6
Z7r9jZ1A7-YvY,2026-09-20T22:44:16.502003+00:00,onsale,,,1,6
rZ7HnEZ1AfaxA7,2026-09-20T22:44:16.502003+00:00,onsale,60.51,71.18,0,6
rZ7HnEZ1AfJdjK,2026-09-20T22:44:16.502003+00:00,onsale,0.0,0.0,2,7
rZ7HnEZ1AfJdod,2026-09-20T22:44:16.502003+00:00,onsale,0.0,0.0,2,7
rZ7HnEZ1AfJdxK,2026-09-20T22:44:16.502003+00:00,onsale,0.0,0.0,2,7
rZ7HnEZ1AfJ7FS,2026-09-20T22:44:16.502003+00:00,onsale,0.0,0.0,2,7
rZ7HnEZ1AfJd4S,2026-09-20T22:44:16.502003+00:00,onsale,0.0,0.0,2,7
rZ7HnEZ1AfJdbK,2026-09-20T22:44:16.502003+00:00,onsale,0.0,0.0,2,7
G5vzZ_3BsZMNV,2026-09-20T22:44:16.502003+00:00,onsale,,,1,7
Z7r9jZ1A70JGI,2026-09-20T22:44:16.502003+00:00,onsale,,,1,7
Z7r9jZ1AAZt7E,2026-09-20T22:44:16.502003+00:00,onsale,,,1,7
rZ7HnEZ1AfJd3d,2026-09-20T22:44:16.502003+00:00,onsale,0.0,0.0,2,7
rZ7HnEZ1AfJd8N,2026-09-20T22:44:16.502003+00:00,onsale,0.0,0.0,2,7
rZ7HnEZ1AfJd8S,2026-09-20T22:44:16.502003+00:00,onsale,0.0,0.0,2,7
rZ7HnEZ1AfJdoS,2026-09-20T22:44:16.502003+00:00,onsale,0.0,0.0,2,7
rZ7HnEZ1AfJ7Gd,2026-09-20T22:44:16.502003+00:00,onsale,30.85,30.85,2,7
1718v0G6uZSIO07,2026-09-20T22:44:16.502003+00:00,onsale,,,2,7
G5vzZ_29MUSGF,2026-09-20T22:44:16.502003+00:00,onsale,,,3,7
G5vzZ_3Bse6NT,2026-09-20T22:44:16.502003+00:00,onsale,,,1,7
G5vzZ_eDIy5UU,2026-09-20T22:44:16.502003+00:00,onsale,,,3,7
G5vzZ_o625GK9,2026-09-20T22:44:16.502003+00:00,onsale,,,2,7
Z7r9jZ1A7Ox8I,2026-09-20T22:44:16.502003+00:00,onsale,,,3,7
Z7r9jZ1AAZgfK,2026-09-20T22:44:16.502003+00:00,onsale,,,2,7
rZ7HnEZ1AfZgaf,2026-09-20T22:44:16.502003+00:00,onsale,14.13,14.13,0,7
Z7r9jZ1A7-Mjs,2026-09-20T22:44:16.502003+00:00,onsale,,,1,7
Z7r9jZ1A7Joq9,2026-09-20T22:44:16.502003+00:00,onsale,,,2,7
G5vzZ_G1qYDID,2026-09-20T22:44:16.502003+00:00,onsale,,,1,7
Z7r9jZ1A70P8z,2026-09-20T22:44:16.502003+00:00,onsale,,,1,7
Z7r9jZ1A7PI-Z,2026-09-20T22:44:16.502003+00:00,onsale,,,1,7
Z7r9jZ1A7PdjV,2026-09-20T22:44:16.502003+00:00,onsale,,,1,7
Z7r9jZ1A7Pw4E,2026-09-20T22:44:16.502003+00:00,onsale,,,2,7
Z7r9jZ1A7x37J,2026-09-20T22:44:16.502003+00:00,onsale,,,1,7
rZ7HnEZ1AfP3xK,2026-09-20T22:44:16.502003+00:00,onsale,33.82,33.82,0,7
G5vzZ_7R2-ywq,2026-09-20T22:44:16.502003+00:00,onsale,,,4,8
G5vzZ_A6FuGXx,2026-09-20T22:44:16.502003+00:00,onsale,,,2,8
G5vzZ_5MM8Go3,2026-09-20T22:44:16.502003+00:00,onsale,,,3,8
1718v0G6CzaYoLZ,2026-09-20T22:44:16.502003+00:00,onsale,,,2,8
Z7r9jZ1A7J3C7,2026-09-20T22:44:16.502003+00:00,onsale,,,2,8
Z7r9jZ1A7xZ8I,2026-09-20T22:44:16.502003+00:00,onsale,,,2,8
G5vzZ_1RSWcLq,2026-09-20T22:44:16.502003+00:00,onsale,,,3,8
Z7r9jZ1A70bO4,2026-09-20T22:44:16.502003+00:00,onsale,,,3,8
G5vzZ_2Me3WTy,2026-09-20T22:44:16.502003+00:00,onsale,,,4,9
G5vzZ_2kHujy7,2026-09-20T22:44:16.502003+00:00,onsale,,,2,9
G5vzZ_FMIhXUB,2026-09-20T22:44:16.502003+00:00,onsale,,,3,9
Z7r9jZ1A703f-,2026-09-20T22:44:16.502003+00:00,onsale,,,3,9
Z7r9jZ1A7Pw4I,2026-09-20T22:44:16.502003+00:00,onsale,,,2,9
Z7r9jZ1A7xaOP,2026-09-20T22:44:16.502003+00:00,onsale,,,3,9
G5vzZ_5RwJ9Bi,2026-09-20T22:44:16.502003+00:00,onsale,,,1,9
G5vzZ_arnbGNs,2026-09-20T22:44:16.502003+00:00,onsale,,,2,9
Z7r9jZ1A708vY,2026-09-20T22:44:16.502003+00:00,onsale,,,1,9
Z7r9jZ1A70zqZ,2026-09-20T22:44:16.502003+00:00,onsale,,,1,9
rZ7HnEZ1AfAKA7,2026-09-20T22:44:16.502003+00:00,onsale,16.56,16.56,0,10
G5vzZ_89p7wF0,2026-09-20T22:44:16.502003+00:00,onsale,,,2,10
G5vzZby1J_pso,2026-09-20T22:44:16.502003+00:00,rescheduled,,,2,10
Z7r9jZ1A7PIOb,2026-09-20T22:44:16.502003+00:00,onsale,,,2,10
G5vzZ_2NqO8tB,2026-09-20T22:44:16.502003+00:00,cancelled,,,0,10
Z7r9jZ1A7PwJo,2026-09-20T22:44:16.502003+00:00,onsale,,,1,10
Z7r9jZ1A7Pd-A,2026-09-20T22:44:16.502003+00:00,onsale,,,2,10
Z7r9jZ1A7xaF0,2026-09-20T22:44:16.502003+00:00,onsale,,,1,10
rZ7HnEZ1AfxA7S,2026-09-20T22:44:16.502003+00:00,onsale,,,0,10
G5vzZ_aLgdiAh,2026-09-20T22:44:16.502003+00:00,onsale,,,5,11
G5vzZ_1Yp7NXE,2026-09-20T22:44:16.502003+00:00,onsale,,,2,11
G5vzZ_2mOMn-u,2026-09-20T22:44:16.502003+00:00,onsale,,,1,11
Z7r9jZ1A707f6,2026-09-20T22:44:16.502003+00:00,onsale,,,2,11
Z7r9jZ1AAZPFU,2026-09-20T22:44:16.502003+00:00,onsale,,,1,11
1718v0G61KGkxFp,2026-09-20T22:44:16.502003+00:00,onsale,,,2,11
G5vzZ_7EQzETC,2026-09-20T22:44:16.502003+00:00,onsale,,,2,11
G5vzZ_7KhKbth,2026-09-20T22:44:16.502003+00:00,onsale,,,1,11
G5vzZ_aafXsLP,2026-09-20T22:44:16.502003+00:00,onsale,,,1,11
Z7r9jZ1A70Kep,2026-09-20T22:44:16.502003+00:00,onsale,,,2,11
Z7r9jZ1A70to_,2026-09-20T22:44:16.502003+00:00,onsale,,,1,11
Z7r9jZ1A7xfF6,2026-09-20T22:44:16.502003+00:00,onsale,,,1,11
Z7r9jZ1AAvkqS,2026-09-20T22:44:16.502003+00:00,onsale,,,3,11
rZ7HnEZ1AfZU3f,2026-09-20T22:44:16.502003+00:00,onsale,8.73,8.73,0,11
Z7r9jZ1A7P4x8,2026-09-20T22:44:16.502003+00:00,onsale,,,1,11
G5vzZ_CbbFWQs,2026-09-20T22:44:16.502003+00:00,onsale,,,3,12
G5vzZ_2rEvl25,2026-09-20T22:44:16.502003+00:00,onsale,,,2,12
G5vzZ_1rlQBjv,2026-09-20T22:44:16.502003+00:00,onsale,,,3,12
Z7r9jZ1A7-Ibk,2026-09-20T22:44:16.502003+00:00,onsale,,,1,12
G5vzZ_59r6WFq,2026-09-20T22:44:16.502003+00:00,cancelled,,,1,12
G5vzZ_G6Jflr4,2026-09-20T22:44:16.502003+00:00,onsale,,,2,12
rZ7HnEZ1AfZUCf,2026-09-20T22:44:16.502003+00:00,onsale,14.13,14.13,0,12
Z7r9jZ1AAZIJ8,2026-09-20T22:44:16.502003+00:00,onsale,,,1,12
1718v0G62Mn68YH,2026-09-20T22:44:16.502003+00:00,onsale,,,0,12
G5vzZ_8DG6AAf,2026-09-20T22:44:16.502003+00:00,onsale,,,1,12
G5vzZ_o3RSGhw,2026-09-20T22:44:16.502003+00:00,onsale,,,1,12
Z7r9jZ1A70K7o,2026-09-20T22:44:16.502003+00:00,onsale,,,2,12
Z7r9jZ1A70Uv_,2026-09-20T22:44:16.502003+00:00,onsale,,,2,12
Z7r9jZ1AAZzjI,2026-09-20T22:44:16.502003+00:00,onsale,,,1,12
rZ7HnEZ1AfxfvN,2026-09-20T22:44:16.502003+00:00,onsale,35.71,35.71,1,12
G5vzZ_2U0D1Ng,2026-09-20T22:44:16.502003+00:00,onsale,,,0,12
Z7r9jZ1A7-3b9,2026-09-20T22:44:16.502003+00:00,onsale,,,1,12
rZ7HnEZ1AfGO4f,2026-09-20T22:44:16.502003+00:00,onsale,2.0,27.98,0,12
rZ7HnEZ1A4ZUFN,2026-09-20T22:44:16.502003+00:00,onsale,24.95,24.95,0,12
rZ7HnEZ1A4Ze_S,2026-09-20T22:44:16.502003+00:00,onsale,34.95,34.95,1,12
rZ7HnEZ1AfJ8aS,2026-09-20T22:44:16.502003+00:00,onsale,24.95,24.95,1,12
G5vzZ_5hAiD6f,2026-09-20T22:44:16.502003+00:00,onsale,,,2,13
G5vzZ_FhK6iyx,2026-09-20T22:44:16.502003+00:00,onsale,,,2,13
Z7r9jZ1A70Yu6,2026-09-20T22:44:16.502003+00:00,onsale,,,1,13
Z7r9jZ1A70v8p,2026-09-20T22:44:16.502003+00:00,onsale,,,2,13
Z7r9jZ1A7P6Oz,2026-09-20T22:44:16.502003+00:00,onsale,,,2,13
rZ7HnEZ1AfZgbf,2026-09-20T22:44:16.502003+00:00,onsale,25.18,25.18,0,13
G5vzZ_o1lTic2,2026-09-20T22:44:16.502003+00:00,onsale,,,2,13
Z7r9jZ1A70oGA,2026-09-20T22:44:16.502003+00:00,onsale,,,2,13
Z7r9jZ1AAZ8oo,2026-09-20T22:44:16.502003+00:00,onsale,,,1,13
Z7r9jZ1AAZIJp,2026-09-20T22:44:16.502003+00:00,onsale,,,1,13
1Ae0Z_8GkRxp-MM,2026-09-20T22:44:16.502003+00:00,onsale,,,0,13
G5vzZ_kloeDdU,2026-09-20T22:44:16.502003+00:00,onsale,,,1,13
Z7r9jZ1A7-Uab,2026-09-20T22:44:16.502003+00:00,onsale,,,2,13
Z7r9jZ1A7P8Gv,2026-09-20T22:44:16.502003+00:00,onsale,,,1,13
Z7r9jZ1A7PtAv,2026-09-20T22:44:16.502003+00:00,onsale,,,1,13
rZ7HnEZ1AfaYP7,2026-09-20T22:44:16.502003+00:00,onsale,81.86,81.86,0,13
G5vzZ_8pWTCut,2026-09-20T22:44:16.502003+00:00,onsale,,,1,13
Z7r9jZ1A7008M,2026-09-20T22:44:16.502003+00:00,onsale,,,1,13
G5vzZ_36IbrcC,2026-09-20T22:44:16.502003+00:00,onsale,,,1,13
Z7r9jZ1AAv47A,2026-09-20T22:44:16.502003+00:00,onsale,,,1,13
rZ7HnEZ1A4Z0PS,2026-09-20T22:44:16.502003+00:00,onsale,24.95,24.95,0,13
rZ7HnEZ1A4v6QK,2026-09-20T22:44:16.502003+00:00,onsale,24.95,24.95,0,13
rZ7HnEZ1AfJFqd,2026-09-20T22:44:16.502003+00:00,onsale,24.95,24.95,0,13
rZ7HnEZ1A4ZY-S,2026-09-20T22:44:16.502003+00:00,onsale,81.86,81.86,0,14
G5vzZbVFcBJxK,2026-09-20T22:44:16.502003+00:00,rescheduled,,,1,14
Z7r9jZ1A70Yut,2026-09-20T22:44:16.502003+00:00,onsale,,,1,14
rZ7HnEZ1AfZgaV,2026-09-20T22:44:16.502003+00:00,onsale,14.13,14.13,0,14
G5vzZ_7QYPzqT,2026-09-20T22:44:16.502003+00:00,rescheduled,,,1,14
G5vzZ_GF5Mbkm,2026-09-20T22:44:16.502003+00:00,onsale,,,1,14
Z7r9jZ1A70EFe,2026-09-20T22:44:16.502003+00:00,onsale,,,3,14
Z7r9jZ1A70bob,2026-09-20T22:44:16.502003+00:00,onsale,,,1,14
Z7r9jZ1A7P7O-,2026-09-20T22:44:16.502003+00:00,onsale,,,1,14
G5vzZ_GE8FcjX,2026-09-20T22:44:16.502003+00:00,onsale,,,4,15
G5vzZ_oErexoH,2026-09-20T22:44:16.502003+00:00,onsale,,,2,15
Z7r9jZ1A7JAPo,2026-09-20T22:44:16.502003+00:00,onsale,,,3,15
G5vzZbgcJKvfR,2026-09-20T22:44:16.502003+00:00,onsale,,,2,15
G5vzZbgelzpIK,2026-09-20T22:44:16.502003+00:00,onsale,,,1,15
G5vzZ_uxPTnpZ,2026-09-20T22:44:16.502003+00:00,onsale,,,2,15
Z7r9jZ1A7PY-M,2026-09-20T22:44:16.502003+00:00,onsale,,,2,15
G5vzZ_ahIYrEK,2026-09-20T22:44:16.502003+00:00,onsale,,,3,16
1718v0G6G5xPYEA,2026-09-20T22:44:16.502003+00:00,onsale,,,3,16
G5vzZ_G2VU7xw,2026-09-20T22:44:16.502003+00:00,onsale,,,3,16
G5vzZ_GnEnB_r,2026-09-20T22:44:16.502003+00:00,onsale,,,2,16
Z7r9jZ1A704Cb,2026-09-20T22:44:16.502003+00:00,onsale,,,2,16
Z7r9jZ1A7P0bF,2026-09-20T22:44:16.502003+00:00,onsale,,,2,16
Z7r9jZ1A7Pd_v,2026-09-20T22:44:16.502003+00:00,onsale,,,2,16
Z7r9jZ1A7-J4N,2026-09-20T22:44:16.502003+00:00,onsale,,,1,16
Z7r9jZ1A7J3aJ,2026-09-20T22:44:16.502003+00:00,onsale,,,2,16
G5vzZ_uJyvrc2,2026-09-20T22:44:16.502003+00:00,onsale,,,1,16
Z7r9jZ1A7P87y,2026-09-20T22:44:16.502003+00:00,onsale,,,1,16
Z7r9jZ1A7Pwoz,2026-09-20T22:44:16.502003+00:00,onsale,,,1,16
Z7r9jZ1AAZYfe,2026-09-20T22:44:16.502003+00:00,onsale,,,1,16
G5vzZ_53DJina,2026-09-20T22:44:16.502003+00:00,onsale,,,2,16
G5vzZ_GmORafl,2026-09-20T22:44:16.502003+00:00,onsale,,,2,16
rZ7HnEZ1AfAKFV,2026-09-20T22:44:16.502003+00:00,onsale,16.56,16.56,0,17
G5vzZ_57LXLxv,2026-09-20T22:44:16.502003+00:00,onsale,,,1,17
Z7r9jZ1A7PEfw,2026-09-20T22:44:16.502003+00:00,onsale,,,3,17
16e0Z_o8MG7Bv5g,2026-09-20T22:44:16.502003+00:00,onsale,,,0,17
G5vzZbgcthvQR,2026-09-20T22:44:16.502003+00:00,onsale,,,2,17
G5vzZbgelyUI4,2026-09-20T22:44:16.502003+00:00,onsale,,,1,17
1718v0G6C0kHoe2,2026-09-20T22:44:16.502003+00:00,onsale,,,3,17
Z7r9jZ1A7POPJ,2026-09-20T22:44:16.502003+00:00,onsale,,,3,17
Z7r9jZ1AAZY0t,2026-09-20T22:44:16.502003+00:00,onsale,,,1,17
Z7r9jZ1AAZkA8,2026-09-20T22:44:16.502003+00:00,onsale,,,2,17
rZ7HnEZ1AfxAkd,2026-09-20T22:44:16.502003+00:00,onsale,,,0,17
G5vzZ_6EL1qAN,2026-09-20T22:44:16.502003+00:00,rescheduled,,,2,17
Z7r9jZ1A7-ZPS,2026-09-20T22:44:16.502003+00:00,onsale,,,1,18
G5vzZ_1NhU2ZS,2026-09-20T22:44:16.502003+00:00,onsale,,,2,18
G5vzZ_abnv69d,2026-09-20T22:44:16.502003+00:00,onsale,,,2,18
Z7r9jZ1AAZeb3,2026-09-20T22:44:16.502003+00:00,onsale,,,2,18
G5vzZ_FBGVp_B,2026-09-20T22:44:16.502003+00:00,onsale,,,2,18
G5vzZbSEFO0An,2026-09-20T22:44:16.502003+00:00,onsale,,,2,18
G5vzZbgrLqdZZ,2026-09-20T22:44:16.502003+00:00,onsale,,,2,18
1718v0G62YaYONx,2026-09-20T22:44:16.502003+00:00,onsale,,,1,18
Z7r9jZ1A7-777,2026-09-20T22:44:16.502003+00:00,onsale,,,2,18
Z7r9jZ1A70pQZ,2026-09-20T22:44:16.502003+00:00,onsale,,,1,18
rZ7HnEZ1AfZUo0,2026-09-20T22:44:16.502003+00:00,onsale,8.73,8.73,0,18
G5vzZ_1UAoA-a,2026-09-20T22:44:16.502003+00:00,onsale,,,1,18
Z7r9jZ1A70Uat,2026-09-20T22:44:16.502003+00:00,onsale,,,1,18
G5vzZ_5R0AgZl,2026-09-20T22:44:16.502003+00:00,cancelled,,,1,19
G5vzZ_1TPDx3M,2026-09-20T22:44:16.502003+00:00,onsale,,,5,19
Z7r9jZ1A7-Fp3,2026-09-20T22:44:16.502003+00:00,onsale,,,1,19
G5vzZ_Gm-Ytqf,2026-09-20T22:44:16.502003+00:00,onsale,,,3,19
G5vzZ_aRwZ6bz,2026-09-20T22:44:16.502003+00:00,onsale,,,2,19
Z7r9jZ1AAvd44,2026-09-20T22:44:16.502003+00:00,onsale,,,2,19
rZ7HnEZ1AfZUF0,2026-09-20T22:44:16.502003+00:00,onsale,14.13,14.13,0,19
Z7r9jZ1A70JGy,2026-09-20T22:44:16.502003+00:00,onsale,,,1,19
G5vzZ_CBUMnhu,2026-09-20T22:44:16.502003+00:00,onsale,,,3,19
G5vzZ_GJxAa5w,2026-09-20T22:44:16.502003+00:00,onsale,,,3,19
Z7r9jZ1A7-YjN,2026-09-20T22:44:16.502003+00:00,onsale,,,1,19
Z7r9jZ1A708bY,2026-09-20T22:44:16.502003+00:00,onsale,,,2,19
Z7r9jZ1A7J3Cf,2026-09-20T22:44:16.502003+00:00,onsale,,,3,19
Z7r9jZ1A7J__6,2026-09-20T22:44:16.502003+00:00,onsale,,,1,19
Z7r9jZ1A7PKu_,2026-09-20T22:44:16.502003+00:00,onsale,,,3,19
Z7r9jZ1A7x63K,2026-09-20T22:44:16.502003+00:00,onsale,,,1,19
rZ7HnEZ1Af1oO7,2026-09-20T22:44:16.502003+00:00,onsale,24.15,24.15,0,19
1ae0Z_37tGOZdG5A,2026-09-20T22:44:16.502003+00:00,onsale,,,0,19
Z7r9jZ1A74pvg,2026-09-20T22:44:16.502003+00:00,rescheduled,,,2,19
G5vzZ_1BuhJa-,2026-09-20T22:44:16.502003+00:00,onsale,,,1,19
rZ7HnEZ1Af1bAf,2026-09-20T22:44:16.502003+00:00,onsale,0.0,14.95,1,19
G5vzZ_1K5p2ms,2026-09-20T22:44:16.502003+00:00,onsale,,,4,20
G5vzZ_GnhOzzk,2026-09-20T22:44:16.502003+00:00,onsale,,,3,20
G5vzZ_o3cAivj,2026-09-20T22:44:16.502003+00:00,onsale,,,0,20
Z7r9jZ1A70o79,2026-09-20T22:44:16.502003+00:00,onsale,,,4,20
G5vzZ_1mFtPxL,2026-09-20T22:44:16.502003+00:00,onsale,,,3,20
G5vzZ_uawmS8G,2026-09-20T22:44:16.502003+00:00,onsale,,,3,20
G5vzZ_A1UBhDH,2026-09-20T22:44:16.502003+00:00,onsale,,,1,20
G5vzZ_uiwbd5z,2026-09-20T22:44:16.502003+00:00,onsale,,,3,20
rZ7HnEZ1AfZg_0,2026-09-20T22:44:16.502003+00:00,onsale,25.18,25.18,0,20
Z7r9jZ1A70Juk,2026-09-20T22:44:16.502003+00:00,onsale,,,1,20
1718v0G6GH41spw,2026-09-20T22:44:16.502003+00:00,onsale,,,0,20
G5vzZ_GIuN6lu,2026-09-20T22:44:16.502003+00:00,onsale,,,1,20
Z7r9jZ1A7-P_t,2026-09-20T22:44:16.502003+00:00,onsale,,,1,20
Z7r9jZ1A7P4bf,2026-09-20T22:44:16.502003+00:00,onsale,,,1,20
Z7r9jZ1A7PSGo,2026-09-20T22:44:16.502003+00:00,onsale,,,2,20
Z7r9jZ1A7Pe_e,2026-09-20T22:44:16.502003+00:00,onsale,,,2,20
Z7r9jZ1A7Pojd,2026-09-20T22:44:16.502003+00:00,onsale,,,2,20
rZ7HnEZ1A4ZzrK,2026-09-20T22:44:16.502003+00:00,onsale,,,0,20
Z7r9jZ1A7JfoJ,2026-09-20T22:44:16.502003+00:00,onsale,,,1,20
Z7r9jZ1A70tuK,2026-09-20T22:44:16.502003+00:00,onsale,,,1,20
rZ7HnEZ1Af1Zff,2026-09-20T22:44:16.502003+00:00,onsale,,,1,20
G5vzZ_2szak4G,2026-09-20T22:44:16.502003+00:00,onsale,,,0,20
rZ7HnEZ1A4Z-AS,2026-09-20T22:44:16.502003+00:00,cancelled,24.95,24.95,0,20
rZ7HnEZ1A4ZsAK,2026-09-20T22:44:16.502003+00:00,onsale,24.95,24.95,1,20
rZ7HnEZ1Af1Z-7,2026-09-20T22:44:16.502003+00:00,onsale,24.95,24.95,0,20
Z7r9jZ1A70JGb,2026-09-20T22:44:16.502003+00:00,onsale,,,1,21
G5vzZ_1RMFui5,2026-09-20T22:44:16.502003+00:00,onsale,,,7,21
Z7r9jZ1A70bOb,2026-09-20T22:44:16.502003+00:00,onsale,,,7,21
G5vzZ_68n5wsb,2026-09-20T22:44:16.502003+00:00,onsale,,,2,21
G5vzZ_CrYw9u2,2026-09-20T22:44:16.502003+00:00,onsale,,,1,21
Z7r9jZ1A7Jdxb,2026-09-20T22:44:16.502003+00:00,onsale,,,1,21
rZ7HnEZ1AfZVPV,2026-09-20T22:44:16.502003+00:00,onsale,14.13,14.13,0,21
rZ7HnEZ1AfF7aV,2026-09-20T22:44:16.502003+00:00,onsale,49.77,113.82,1,21
1718v0G61YF3YlL,2026-09-20T22:44:16.502003+00:00,onsale,,,2,21
Z7r9jZ1A70Ou8,2026-09-20T22:44:16.502003+00:00,onsale,,,2,21
Z7r9jZ1A7JffK,2026-09-20T22:44:16.502003+00:00,onsale,,,1,21
Z7r9jZ1A7OaqP,2026-09-20T22:44:16.502003+00:00,onsale,,,2,21
Z7r9jZ1A7PobE,2026-09-20T22:44:16.502003+00:00,onsale,,,1,21
Z7r9jZ1A7PtuV,2026-09-20T22:44:16.502003+00:00,onsale,,,1,21
G5vzZ_66l0lLD,2026-09-20T22:44:16.502003+00:00,onsale,,,2,22
G5vzZ_o27er8C,2026-09-20T22:44:16.502003+00:00,onsale,,,1,22
Z7r9jZ1A7-YAV,2026-09-20T22:44:16.502003+00:00,onsale,,,2,22
Z7r9jZ1A7Pd-0,2026-09-20T22:44:16.502003+00:00,onsale,,,2,22
Z7r9jZ1A7PK4I,2026-09-20T22:44:16.502003+00:00,onsale,,,1,22
Z7r9jZ1AAZp7F,2026-09-20T22:44:16.502003+00:00,onsale,,,2,22
G5vzZ_5UJg2J7,2026-09-20T22:44:16.502003+00:00,onsale,,,3,23
Z7r9jZ1A7JK_0,2026-09-20T22:44:16.502003+00:00,onsale,,,3,23
G5vzZ_1Lx2mgd,2026-09-20T22:44:16.502003+00:00,onsale,,,2,23
G5vzZ_23ahg4g,2026-09-20T22:44:16.502003+00:00,onsale,,,6,23
Z7r9jZ1A70A7o,2026-09-20T22:44:16.502003+00:00,onsale,,,3,23
G5vzZ_1KA-2Fh,2026-09-20T22:44:16.502003+00:00,onsale,,,2,23
G5vzZ_51W4ap1,2026-09-20T22:44:16.502003+00:00,onsale,,,4,23
G5vzZ_aNxsyvN,2026-09-20T22:44:16.502003+00:00,onsale,,,2,23
Z7r9jZ1A70IAZ,2026-09-20T22:44:16.502003+00:00,onsale,,,4,23
1718v0G6GHhv-_9,2026-09-20T22:44:16.502003+00:00,onsale,,,0,23
G5vzZ_1B7dg8c,2026-09-20T22:44:16.502003+00:00,onsale,,,1,23
G5vzZ_5SF0Tm_,2026-09-20T22:44:16.502003+00:00,onsale,,,3,23
G5vzZ_o1_Cakj,2026-09-20T22:44:16.502003+00:00,onsale,,,2,23
Z7r9jZ1A70gq4,2026-09-20T22:44:16.502003+00:00,onsale,,,2,23
Z7r9jZ1A7P_7M,2026-09-20T22:44:16.502003+00:00,onsale,,,1,23
G5vzZ_5wI2lzG,2026-09-20T22:44:16.502003+00:00,onsale,,,3,24
rZ7HnEZ1AfA3O7,2026-09-20T22:44:16.502003+00:00,onsale,16.56,16.56,0,24
G5vzZ_2Nm7d8h,2026-09-20T22:44:16.502003+00:00,onsale,,,3,24
G5vzZ_aRQ0Ogf,2026-09-20T22:44:16.502003+00:00,onsale,,,3,24
Z7r9jZ1A707f8,2026-09-20T22:44:16.502003+00:00,onsale,,,3,24
Z7r9jZ1A70tee,2026-09-20T22:44:16.502003+00:00,onsale,,,4,24
1k18vPvsGACaout,2026-09-20T22:44:16.502003+00:00,onsale,,,1,24
G5vzZ_8pfaF8s,2026-09-20T22:44:16.502003+00:00,onsale,,,1,24
G5vzZ_aUNKGmh,2026-09-20T22:44:16.502003+00:00,onsale,,,1,24
G5vzZ_uQBm5k3,2026-09-20T22:44:16.502003+00:00,onsale,,,1,24
Z7r9jZ1A70gjK,2026-09-20T22:44:16.502003+00:00,onsale,,,2,24
Z7r9jZ1A7xZ8M,2026-09-20T22:44:16.502003+00:00,onsale,,,1,24
rZ7HnEZ1AfxAvS,2026-09-20T22:44:16.502003+00:00,onsale,,,0,24
G5vzZ_G2qoRVY,2026-09-20T22:44:16.502003+00:00,onsale,,,2,25
G5vzZ_CUUYFBh,2026-09-20T22:44:16.502003+00:00,onsale,,,1,25
Z7r9jZ1A7Pa_Z,2026-09-20T22:44:16.502003+00:00,onsale,,,3,25
G5vzZ_FJwkQO8,2026-09-20T22:44:16.502003+00:00,onsale,,,2,25
G5vzZ_FaeF77B,2026-09-20T22:44:16.502003+00:00,onsale,,,1,25
G5vzZ_5XIIUNB,2026-09-20T22:44:16.502003+00:00,onsale,,,1,25
Z7r9jZ1A709oK,2026-09-20T22:44:16.502003+00:00,onsale,,,2,25
Z7r9jZ1A70KuN,2026-09-20T22:44:16.502003+00:00,onsale,,,1,25
Z7r9jZ1A70oe_,2026-09-20T22:44:16.502003+00:00,onsale,,,1,25
Z7r9jZ1A70yZa,2026-09-20T22:44:16.502003+00:00,onsale,,,2,25
Z7r9jZ1A7P-G9,2026-09-20T22:44:16.502003+00:00,onsale,,,1,25
Z7r9jZ1A7PeGZ,2026-09-20T22:44:16.502003+00:00,onsale,,,1,25
rZ7HnEZ1AfZUO7,2026-09-20T22:44:16.502003+00:00,onsale,8.73,8.73,0,25
G5vzZ_CxZEN2g,2026-09-20T22:44:16.502003+00:00,onsale,,,1,25
G5vzZ_FNp3rmK,2026-09-20T22:44:16.502003+00:00,onsale,,,2,26
G5vzZ_1Ry3cSR,2026-09-20T22:44:16.502003+00:00,onsale,,,1,26
G5vzZ_ALJJrP0,2026-09-20T22:44:16.502003+00:00,onsale,,,2,26
G5vzZ_GSE5-Op,2026-09-20T22:44:16.502003+00:00,onsale,,,2,26
Z7r9jZ1A70b-e,2026-09-20T22:44:16.502003+00:00,onsale,,,1,26
Z7r9jZ1A7PtvS,2026-09-20T22:44:16.502003+00:00,onsale,,,2,26
rZ7HnEZ1AfZU7f,2026-09-20T22:44:16.502003+00:00,onsale,14.13,14.13,0,26
Z7r9jZ1A70JG_,2026-09-20T22:44:16.502003+00:00,onsale,,,2,26
Z7r9jZ1A7JkOb,2026-09-20T22:44:16.502003+00:00,onsale,,,2,26
G5vzZ_6tcu3Kj,2026-09-20T22:44:16.502003+00:00,onsale,,,2,26
G5vzZ_oZTNzPt,2026-09-20T22:44:16.502003+00:00,onsale,,,1,26
G5vzZ_unCmBCk,2026-09-20T22:44:16.502003+00:00,onsale,,,1,26
Z7r9jZ1A7-Mug,2026-09-20T22:44:16.502003+00:00,onsale,,,2,26
Z7r9jZ1A7PSGs,2026-09-20T22:44:16.502003+00:00,onsale,,,1,26
Z7r9jZ1A7PtJF,2026-09-20T22:44:16.502003+00:00,onsale,,,1,26
Z7r9jZ1A7PtaE,2026-09-20T22:44:16.502003+00:00,onsale,,,1,26
Z7r9jZ1AAZ9fe,2026-09-20T22:44:16.502003+00:00,onsale,,,1,26
rZ7HnEZ1Afk_Gf,2026-09-20T22:44:16.502003+00:00,onsale,35.71,35.71,1,26
rZ7HnEZ1AfFpAV,2026-09-20T22:44:16.502003+00:00,onsale,24.95,24.95,0,26
rZ7HnEZ1AfaOef,2026-09-20T22:44:16.502003+00:00,onsale,24.95,24.95,1,26
G5vzZ_Cn-_kE0,2026-09-20T22:44:16.502003+00:00,onsale,,,1,27
G5vzZ_6Vx7m8y,2026-09-20T22:44:16.502003+00:00,onsale,,,1,27
G5vzZ_ukgLnBZ,2026-09-20T22:44:16.502003+00:00,onsale,,,3,27
Z7r9jZ1A7JkO_,2026-09-20T22:44:16.502003+00:00,onsale,,,2,27
G5vzZ_C1Y-hJs,2026-09-20T22:44:16.502003+00:00,onsale,,,1,27
G5vzZ_eBjVEp6,2026-09-20T22:44:16.502003+00:00,onsale,,,2,27
Z7r9jZ1A7qf4V,2026-09-20T22:44:16.502003+00:00,onsale,,,1,27
rZ7HnEZ1AfZg-0,2026-09-20T22:44:16.502003+00:00,onsale,25.18,25.18,0,27
Z7r9jZ1A70JuE,2026-09-20T22:44:16.502003+00:00,onsale,,,2,27
16e0Z_K7pG7Toub,2026-09-20T22:44:16.502003+00:00,onsale,,,0,27
G5vzZ_1RBKWUD,2026-09-20T22:44:16.502003+00:00,onsale,,,1,27
G5vzZ_2Xeg4qb,2026-09-20T22:44:16.502003+00:00,onsale,,,0,27
G5vzZ_6tcJe45,2026-09-20T22:44:16.502003+00:00,onsale,,,2,27
G5vzZ_CBNtI2B,2026-09-20T22:44:16.502003+00:00,onsale,,,2,27
Z7r9jZ1A7-MuU,2026-09-20T22:44:16.502003+00:00,onsale,,,2,27
Z7r9jZ1A7-z8p,2026-09-20T22:44:16.502003+00:00,onsale,,,1,27
Z7r9jZ1A70Zo7,2026-09-20T22:44:16.502003+00:00,onsale,,,2,27
Z7r9jZ1A70b-8,2026-09-20T22:44:16.502003+00:00,onsale,,,1,27
Z7r9jZ1A70tfo,2026-09-20T22:44:16.502003+00:00,onsale,,,3,27
Z7r9jZ1A7J3kZ,2026-09-20T22:44:16.502003+00:00,onsale,,,2,27
Z7r9jZ1A7PtaI,2026-09-20T22:44:16.502003+00:00,onsale,,,2,27
Z7r9jZ1A7xZ-_,2026-09-20T22:44:16.502003+00:00,onsale,,,2,27
rZ7HnEZ1Afk_1f,2026-09-20T22:44:16.502003+00:00,onsale,35.76,35.76,1,27
rZ7HnEZ1A4Zz0S,2026-09-20T22:44:16.502003+00:00,onsale,14.95,14.95,0,27
rZ7HnEZ1Af0kqK,2026-09-20T22:44:16.502003+00:00,onsale,24.95,24.95,1,27
1718v0G6C7se8VT,2026-09-20T22:44:16.502003+00:00,onsale,,,0,28
G5vzZ_A1rT_u5,2026-09-20T22:44:16.502003+00:00,onsale,,,1,28
G5vzZ_Amqia8M,2026-09-20T22:44:16.502003+00:00,onsale,,,3,28
G5vzZ_Gb8hBSI,2026-09-20T22:44:16.502003+00:00,onsale,,,2,28
G5vzZ_kC086ii,2026-09-20T22:44:16.502003+00:00,onsale,,,2,28
G5vzZ_kwcEtZT,2026-09-20T22:44:16.502003+00:00,onsale,,,1,28
rZ7HnEZ1AfZgGf,2026-09-20T22:44:16.502003+00:00,onsale,14.13,14.13,0,28
G5vzZ_8Mppg4O,2026-09-20T22:44:16.502003+00:00,onsale,,,2,28
Z7r9jZ1A70o8w,2026-09-20T22:44:16.502003+00:00,onsale,,,1,28
Z7r9jZ1A7xZGt,2026-09-20T22:44:16.502003+00:00,onsale,,,2,28
Z7r9jZ1AAZA1b,2026-09-20T22:44:16.502003+00:00,onsale,,,2,28
Z7r9jZ1AAZsox,2026-09-20T22:44:16.502003+00:00,onsale,,,2,28
rZ7HnEZ1AfGObf,2026-09-20T22:44:16.502003+00:00,onsale,,,0,28
G5vzZ_5wf6bVp,2026-09-20T22:44:16.502003+00:00,onsale,,,5,29
Z7r9jZ1A7Ow08,2026-09-20T22:44:16.502003+00:00,onsale,,,2,29
G5vzZ_G5e32h3,2026-09-20T22:44:16.502003+00:00,onsale,,,2,29
G5vzZ_GJKMMKe,2026-09-20T22:44:16.502003+00:00,onsale,,,2,29
Z7r9jZ1A7PgOY,2026-09-20T22:44:16.502003+00:00,onsale,,,1,29
G5vzZ_8l6zCom,2026-09-20T22:44:16.502003+00:00,onsale,,,1,29
Z7r9jZ1A70tup,2026-09-20T22:44:16.502003+00:00,onsale,,,2,29
Z7r9jZ1AAZPro,2026-09-20T22:44:16.502003+00:00,onsale,,,1,29
G5vzZ_2kTaqf3,2026-09-20T22:44:16.502003+00:00,cancelled,,,2,30
G5vzZ_6jfPm25,2026-09-20T22:44:16.502003+00:00,onsale,,,2,30
Z7r9jZ1A7Ow0o,2026-09-20T22:44:16.502003+00:00,onsale,,,2,30
G5vzZ_G21irC_,2026-09-20T22:44:16.502003+00:00,onsale,,,1,30
Z7r9jZ1A70Zf8,2026-09-20T22:44:16.502003+00:00,onsale,,,1,30
G5vzZ_8MO4FjK,2026-09-20T22:44:16.502003+00:00,onsale,,,2,30
rZ7HnEZ1AfA3-f,2026-09-20T22:44:16.502003+00:00,onsale,16.56,16.56,0,31
G5vzZ_o5-q7ol,2026-09-20T22:44:16.502003+00:00,onsale,,,0,31
rZ7HnEZ1A4Za-d,2026-09-20T22:44:16.502003+00:00,onsale,20.03,41.13,0,31
Z7r9jZ1A70bqs,2026-09-20T22:44:16.502003+00:00,onsale,,,1,31
Z7r9jZ1A70444,2026-09-20T22:44:16.502003+00:00,onsale,,,2,31
rZ7HnEZ1AfxAAN,2026-09-20T22:44:16.502003+00:00,onsale,,,0,31
G5vzZ_ueW6Qo9,2026-09-20T22:44:16.502003+00:00,onsale,,,3,32
G5vzZ_ANTyPQt,2026-09-20T22:44:16.502003+00:00,onsale,,,2,32
G5vzZ_GVIKec2,2026-09-20T22:44:16.502003+00:00,onsale,,,3,32
G5vzZ_ulGxDZW,2026-09-20T22:44:16.502003+00:00,onsale,,,0,32
Z7r9jZ1A7-yqZ,2026-09-20T22:44:16.502003+00:00,onsale,,,1,32
Z7r9jZ1AAvK_b,2026-09-20T22:44:16.502003+00:00,onsale,,,1,32
rZ7HnEZ1AfZUpf,2026-09-20T22:44:16.502003+00:00,onsale,8.73,8.73,0,32
G5vzZ_5ldYcXg,2026-09-20T22:44:16.502003+00:00,onsale,,,4,33
Z7r9jZ1A7O744,2026-09-20T22:44:16.502003+00:00,onsale,,,1,33
G5vzZ_6r0j9uc,2026-09-20T22:44:16.502003+00:00,onsale,,,2,33
G5vzZ_oNqmXmS,2026-09-20T22:44:16.502003+00:00,onsale,,,1,33
rZ7HnEZ1AfZUAV,2026-09-20T22:44:16.502003+00:00,onsale,14.13,14.13,0,33
1k18vPvOGACy8zE,2026-09-20T22:44:16.502003+00:00,onsale,,,0,33
G5vzZ_55-B5ym,2026-09-20T22:44:16.502003+00:00,onsale,,,1,33
G5vzZ_8heurUX,2026-09-20T22:44:16.502003+00:00,onsale,,,1,33
Z7r9jZ1A70IjO,2026-09-20T22:44:16.502003+00:00,onsale,,,1,33
Z7r9jZ1A7JvGZ,2026-09-20T22:44:16.502003+00:00,onsale,,,2,33
Z7r9jZ1AAvdrp,2026-09-20T22:44:16.502003+00:00,onsale,,,1,33
rZ7HnEZ1Afaykf,2026-09-20T22:44:16.502003+00:00,onsale,35.71,35.71,1,33
G5vzZ_CMhh5sv,2026-09-20T22:44:16.502003+00:00,onsale,,,1,33
G5vzZ_Chk0baP,2026-09-20T22:44:16.502003+00:00,onsale,,,1,33
Z7r9jZ1A7-Yas,2026-09-20T22:44:16.502003+00:00,onsale,,,1,33
Z7r9jZ1A7PV4N,2026-09-20T22:44:16.502003+00:00,onsale,,,2,33
rZ7HnEZ1A4v6uS,2026-09-20T22:44:16.502003+00:00,onsale,34.95,34.95,0,33
rZ7HnEZ1Af13-V,2026-09-20T22:44:16.502003+00:00,onsale,24.95,24.95,0,33
G5vzZ_6rPB64Q,2026-09-20T22:44:16.502003+00:00,onsale,,,3,33
Z7r9jZ1AAZ8o3,2026-09-20T22:44:16.502003+00:00,onsale,,,4,34
G5vzZ_8BV92ql,2026-09-20T22:44:16.502003+00:00,onsale,,,4,34
G5vzZ_aelIQpN,2026-09-20T22:44:16.502003+00:00,onsale,,,2,34
G5vzZ_1r9tFrJ,2026-09-20T22:44:16.502003+00:00,onsale,,,2,34
G5vzZ_6r0S92s,2026-09-20T22:44:16.502003+00:00,onsale,,,2,34
rZ7HnEZ1AfZgqf,2026-09-20T22:44:16.502003+00:00,onsale,25.18,25.18,0,34
Z7r9jZ1A7Jffk,2026-09-20T22:44:16.502003+00:00,onsale,,,1,34
rZ7HnEZ1AfJ8PK,2026-09-20T22:44:16.502003+00:00,onsale,,,0,34
rZ7HnEZ1Afayu7,2026-09-20T22:44:16.502003+00:00,onsale,35.76,35.76,1,34
1AtZkfbGkd-Goxn,2026-09-20T22:44:16.502003+00:00,onsale,,,0,34
G5vzZ_CQo507Q,2026-09-20T22:44:16.502003+00:00,onsale,,,2,34
G5vzZ_Chk0zaI,2026-09-20T22:44:16.502003+00:00,onsale,,,1,34
rZ7HnEZ1Af170f,2026-09-20T22:44:16.502003+00:00,onsale,14.95,14.95,0,34
rZ7HnEZ1AfGZCf,2026-09-20T22:44:16.502003+00:00,onsale,24.95,24.95,0,34
rZ7HnEZ1Afa0Qf,2026-09-20T22:44:16.502003+00:00,onsale,19.95,19.95,2,34
G5vzZ_7YHqj28,2026-09-20T22:44:16.502003+00:00,onsale,,,1,35
G5vzZ_GmTJuj8,2026-09-20T22:44:16.502003+00:00,onsale,,,2,35
G5vzZ_GxVGbS1,2026-09-20T22:44:16.502003+00:00,onsale,,,1,35
G5vzZ_uFuY_2f,2026-09-20T22:44:16.502003+00:00,onsale,,,1,35
rZ7HnEZ1AfZgvf,2026-09-20T22:44:16.502003+00:00,onsale,14.13,14.13,0,35
Z7r9jZ1AAZ7aU,2026-09-20T22:44:16.502003+00:00,onsale,,,1,35
1AtZkfKGkdsP8lU,2026-09-20T22:44:16.502003+00:00,onsale,,,1,35
Z7r9jZ1A7PgGV,2026-09-20T22:44:16.502003+00:00,onsale,,,1,35
G5vzZ_2LxN6Z_,2026-09-20T22:44:16.502003+00:00,onsale,,,4,36
G5vzZbzAVheD4,2026-09-20T22:44:16.502003+00:00,onsale,,,2,36
Z7r9jZ1A7r9fs,2026-09-20T22:44:16.502003+00:00,onsale,,,3,36
G5vzZ_2Kf6C3r,2026-09-20T22:44:16.502003+00:00,onsale,,,3,36
G5vzZ_5RYtE-2,2026-09-20T22:44:16.502003+00:00,onsale,,,1,36
G5vzZ_uBgCQu9,2026-09-20T22:44:16.502003+00:00,onsale,,,2,36
Z7r9jZ1A70k7f,2026-09-20T22:44:16.502003+00:00,onsale,,,2,36
Z7r9jZ1AAZ8PF,2026-09-20T22:44:16.502003+00:00,onsale,,,1,36
G5vzZ_GmRkhCV,2026-09-20T22:44:16.502003+00:00,onsale,,,2,37
Z7r9jZ1A7-b_w,2026-09-20T22:44:16.502003+00:00,onsale,,,1,37
1AtZkfbGkdgkoE8,2026-09-20T22:44:16.502003+00:00,onsale,,,1,37
G5vzZ_1XQVIWV,2026-09-20T22:44:16.502003+00:00,onsale,,,1,37
G5vzZ_55rZDix,2026-09-20T22:44:16.502003+00:00,onsale,,,2,37
G5vzZ_CrPJUKo,2026-09-20T22:44:16.502003+00:00,onsale,,,2,37
G5vzZ_ueQ4Uc4,2026-09-20T22:44:16.502003+00:00,onsale,,,1,37
Z7r9jZ1A70ye8,2026-09-20T22:44:16.502003+00:00,onsale,,,1,37
Z7r9jZ1A7Jdj3,2026-09-20T22:44:16.502003+00:00,onsale,,,2,37
Z7r9jZ1AAZsbE,2026-09-20T22:44:16.502003+00:00,onsale,,,3,37
rZ7HnEZ1AfA3x7,2026-09-20T22:44:16.502003+00:00,onsale,16.56,16.56,0,38
Z7r9jZ1A7-0GF,2026-09-20T22:44:16.502003+00:00,onsale,,,2,38
G5vzZ_5zZcE3z,2026-09-20T22:44:16.502003+00:00,onsale,,,1,38
rZ7HnEZ1Af1oof,2026-09-20T22:44:16.502003+00:00,onsale,25.18,25.18,0,38
Z7r9jZ1A7J_a4,2026-09-20T22:44:16.502003+00:00,onsale,,,2,38
Z7r9jZ1A70bo_,2026-09-20T22:44:16.502003+00:00,onsale,,,1,38
Z7r9jZ1A70vqz,2026-09-20T22:44:16.502003+00:00,onsale,,,1,38
rZ7HnEZ1AfxAeK,2026-09-20T22:44:16.502003+00:00,onsale,,,0,38
Z7r9jZ1A7O0qF,2026-09-20T22:44:16.502003+00:00,onsale,,,2,39
16tZk3bkZZA2d7Gu,2026-09-20T22:44:16.502003+00:00,onsale,,,2,39
G5vzZ_1DeZHF3,2026-09-20T22:44:16.502003+00:00,onsale,,,3,39
G5vzZ_5wQAyl8,2026-09-20T22:44:16.502003+00:00,onsale,,,2,39
G5vzZ_urH4l3t,2026-09-20T22:44:16.502003+00:00,onsale,,,1,39
Z7r9jZ1A70vq-,2026-09-20T22:44:16.502003+00:00,onsale,,,2,39
Z7r9jZ1A7P3Q4,2026-09-20T22:44:16.502003+00:00,onsale,,,2,39
rZ7HnEZ1AfPooS,2026-09-20T22:44:16.502003+00:00,onsale,30.0,121.6,1,39
Z7r9jZ1A70JGP,2026-09-20T22:44:16.502003+00:00,onsale,,,2,39
G5vzZ_89En4GP,2026-09-20T22:44:16.502003+00:00,onsale,,,1,39
Z7r9jZ1A7J6oo,2026-09-20T22:44:16.502003+00:00,onsale,,,2,39
Z7r9jZ1A7PU0P,2026-09-20T22:44:16.502003+00:00,onsale,,,2,39
Z7r9jZ1AAZOoU,2026-09-20T22:44:16.502003+00:00,onsale,,,1,39
rZ7HnEZ1AfZUbf,2026-09-20T22:44:16.502003+00:00,onsale,8.73,8.73,0,39
rZ7HnEZ1Afappf,2026-09-20T22:44:16.502003+00:00,onsale,24.2,24.2,0,39
G5vzZ_8KJB71j,2026-09-20T22:44:16.502003+00:00,onsale,,,1,40
G5vzZ_CTf25xe,2026-09-20T22:44:16.502003+00:00,onsale,,,2,40
G5vzZ_aRcoUmU,2026-09-20T22:44:16.502003+00:00,onsale,,,1,40
G5vzZ_o3zNqsK,2026-09-20T22:44:16.502003+00:00,onsale,,,4,40
G5vzZ_ueOeM8A,2026-09-20T22:44:16.502003+00:00,onsale,,,2,40
Z7r9jZ1A707b3,2026-09-20T22:44:16.502003+00:00,onsale,,,1,40
rZ7HnEZ1AfZU87,2026-09-20T22:44:16.502003+00:00,onsale,14.13,14.13,0,40
1Ae0Z_aGkSB_80C,2026-09-20T22:44:16.502003+00:00,onsale,,,2,40
Z7r9jZ1A70AAk,2026-09-20T22:44:16.502003+00:00,onsale,,,2,40
Z7r9jZ1A7x4Qp,2026-09-20T22:44:16.502003+00:00,onsale,,,1,40
Z7r9jZ1AAZ0aA,2026-09-20T22:44:16.502003+00:00,onsale,,,2,40
Z7r9jZ1AAZIGp,2026-09-20T22:44:16.502003+00:00,onsale,,,1,40
1718v0G62Toh-vh,2026-09-20T22:44:16.502003+00:00,onsale,,,2,40
G5vzZ_8K7-m0v,2026-09-20T22:44:16.502003+00:00,onsale,,,2,40
Z7r9jZ1A7-3bb,2026-09-20T22:44:16.502003+00:00,onsale,,,1,40
Z7r9jZ1A70tPx,2026-09-20T22:44:16.502003+00:00,onsale,,,2,40
Z7r9jZ1A7P-jI,2026-09-20T22:44:16.502003+00:00,onsale,,,1,40
Z7r9jZ1A7Pg_s,2026-09-20T22:44:16.502003+00:00,onsale,,,2,40
Z7r9jZ1AAZbjs,2026-09-20T22:44:16.502003+00:00,onsale,,,2,40
rZ7HnEZ1Afa_oV,2026-09-20T22:44:16.502003+00:00,onsale,24.15,24.15,1,40
G5vzZ_G5AW2id,2026-09-20T22:44:16.502003+00:00,onsale,,,1,40
Z7r9jZ1A7PAPa,2026-09-20T22:44:16.502003+00:00,onsale,,,1,40
rZ7HnEZ1A4vk-S,2026-09-20T22:44:16.502003+00:00,onsale,81.86,113.88,0,40
rZ7HnEZ1Af13xf,2026-09-20T22:44:16.502003+00:00,onsale,24.95,24.95,1,40
G5vzZ_8KJHf1l,2026-09-20T22:44:16.502003+00:00,onsale,,,1,40
Z7r9jZ1AAZ0ak,2026-09-20T22:44:16.502003+00:00,onsale,,,2,41
1718v0G6CMbxo4z,2026-09-20T22:44:16.502003+00:00,onsale,,,4,41
G5vzZ_8KJDf10,2026-09-20T22:44:16.502003+00:00,onsale,,,1,41
G5vzZ_CJKgAw1,2026-09-20T22:44:16.502003+00:00,onsale,,,3,41
G5vzZ_FL1wi9j,2026-09-20T22:44:16.502003+00:00,onsale,,,4,41
rZ7HnEZ1AfZgpf,2026-09-20T22:44:16.502003+00:00,onsale,25.18,25.18,0,41
Z7r9jZ1A7x4Q4,2026-09-20T22:44:16.502003+00:00,onsale,,,1,41
Z7r9jZ1AAZIGb,2026-09-20T22:44:16.502003+00:00,onsale,,,1,41
G5vzZ_onQ9EoM,2026-09-20T22:44:16.502003+00:00,onsale,,,2,41
Z7r9jZ1A708-v,2026-09-20T22:44:16.502003+00:00,onsale,,,1,41
Z7r9jZ1A7Pg_w,2026-09-20T22:44:16.502003+00:00,onsale,,,2,41
Z7r9jZ1A7Pvuo,2026-09-20T22:44:16.502003+00:00,onsale,,,1,41
Z7r9jZ1A7Pw4s,2026-09-20T22:44:16.502003+00:00,onsale,,,2,41
Z7r9jZ1A7x9Ad,2026-09-20T22:44:16.502003+00:00,onsale,,,2,41
Z7r9jZ1AAZN48,2026-09-20T22:44:16.502003+00:00,onsale,,,2,41
Z7r9jZ1A7Pfqv,2026-09-20T22:44:16.502003+00:00,onsale,,,1,41
rZ7HnEZ1AfG4PV,2026-09-20T22:44:16.502003+00:00,onsale,55.17,55.17,1,41
rZ7HnEZ1AfGakf,2026-09-20T22:44:16.502003+00:00,onsale,24.95,24.95,1,41
rZ7HnEZ1AfGauf,2026-09-20T22:44:16.502003+00:00,onsale,34.95,34.95,1,41
rZ7HnEZ1AfGvu7,2026-09-20T22:44:16.502003+00:00,onsale,24.95,24.95,0,41
G5vzZ_8omJSQx,2026-09-20T22:44:16.502003+00:00,onsale,,,0,41
G5vzZ_31DCDb3,2026-09-20T22:44:16.502003+00:00,onsale,,,1,42
G5vzZ_FUokkC4,2026-09-20T22:44:16.502003+00:00,onsale,,,3,42
G5vzZ_apQJU0S,2026-09-20T22:44:16.502003+00:00,onsale,,,2,42
Z7r9jZ1A70b3v,2026-09-20T22:44:16.502003+00:00,onsale,,,2,42
Z7r9jZ1A7Jd7M,2026-09-20T22:44:16.502003+00:00,onsale,,,1,42
Z7r9jZ1AAZFok,2026-09-20T22:44:16.502003+00:00,onsale,,,2,42
rZ7HnEZ1AfZge7,2026-09-20T22:44:16.502003+00:00,onsale,14.13,14.13,0,42
1718v0G6CbGcsjK,2026-09-20T22:44:16.502003+00:00,onsale,,,1,42
G5vzZ_19Z_cVa,2026-09-20T22:44:16.502003+00:00,onsale,,,1,42
G5vzZ_FBqSzYZ,2026-09-20T22:44:16.502003+00:00,onsale,,,2,42
G5vzZ_kS-YG8l,2026-09-20T22:44:16.502003+00:00,onsale,,,2,42
Z7r9jZ1A703Zy,2026-09-20T22:44:16.502003+00:00,onsale,,,1,42
Z7r9jZ1A70Iqv,2026-09-20T22:44:16.502003+00:00,onsale,,,1,42
Z7r9jZ1A70z7b,2026-09-20T22:44:16.502003+00:00,onsale,,,1,42
Z7r9jZ1A7Je_s,2026-09-20T22:44:16.502003+00:00,onsale,,,1,42
Z7r9jZ1A7Pw4S,2026-09-20T22:44:16.502003+00:00,onsale,,,1,42
G5vzZ_52GYqPQ,2026-09-20T22:44:16.502003+00:00,onsale,,,4,43
G5vzZ_2KcPwzl,2026-09-20T22:44:16.502003+00:00,onsale,,,3,43
G5vzZ_uewza1S,2026-09-20T22:44:16.502003+00:00,onsale,,,1,43
Z7r9jZ1A70tCb,2026-09-20T22:44:16.502003+00:00,onsale,,,2,43
Z7r9jZ1A7PJ8A,2026-09-20T22:44:16.502003+00:00,onsale,,,1,43
Z7r9jZ1A7PtJo,2026-09-20T22:44:16.502003+00:00,onsale,,,1,43
Z7r9jZ1AAZPuz,2026-09-20T22:44:16.502003+00:00,onsale,,,1,43
G5vzZ_8noopQE,2026-09-20T22:44:16.502003+00:00,onsale,,,1,43
G5vzZ_5nhWFMO,2026-09-20T22:44:16.502003+00:00,onsale,,,4,44
G5vzZ_Gg2XAu1,2026-09-20T22:44:16.502003+00:00,onsale,,,1,44
G5vzZ_uQ-5bfe,2026-09-20T22:44:16.502003+00:00,onsale,,,2,44
G5vzZ_ud-3ckI,2026-09-20T22:44:16.502003+00:00,onsale,,,1,44
Z7r9jZ1A7PKPx,2026-09-20T22:44:16.502003+00:00,onsale,,,2,44
1718v0G6u02WYTD,2026-09-20T22:44:16.502003+00:00,onsale,,,1,44
G5vzZ_8gzWPfM,2026-09-20T22:44:16.502003+00:00,onsale,,,1,44
G5vzZ_ad_wXhx,2026-09-20T22:44:16.502003+00:00,onsale,,,1,44
Z7r9jZ1A70-Og,2026-09-20T22:44:16.502003+00:00,onsale,,,2,44
Z7r9jZ1AAZt0f,2026-09-20T22:44:16.502003+00:00,onsale,,,1,44
rZ7HnEZ1AfA307,2026-09-20T22:44:16.502003+00:00,onsale,16.56,16.56,0,45
G5vzZ_8DAfKQH,2026-09-20T22:44:16.502003+00:00,onsale,,,2,45
Z7r9jZ1A7xKAS,2026-09-20T22:44:16.502003+00:00,onsale,,,2,45
G5vzZ_2LkqOX8,2026-09-20T22:44:16.502003+00:00,onsale,,,2,45
Z7r9jZ1AAZor_,2026-09-20T22:44:16.502003+00:00,onsale,,,2,45
rZ7HnEZ1AfxAAS,2026-09-20T22:44:16.502003+00:00,onsale,,,0,45
Z7r9jZ1A7Pp_v,2026-09-20T22:44:16.502003+00:00,onsale,,,1,45
G5vzZ_u2LpR8-,2026-09-20T22:44:16.502003+00:00,onsale,,,2,46
Z7r9jZ1A70NZ_,2026-09-20T22:44:16.502003+00:00,onsale,,,2,46
1Ae0Z_8GkVfY-Bn,2026-09-20T22:44:16.502003+00:00,onsale,,,0,46
G5vzZ_2eUQnIT,2026-09-20T22:44:16.502003+00:00,cancelled,,,1,46
G5vzZ_oAMhwse,2026-09-20T22:44:16.502003+00:00,onsale,,,1,46
Z7r9jZ1A7PVqJ,2026-09-20T22:44:16.502003+00:00,onsale,,,1,46
rZ7HnEZ1AfZUQf,2026-09-20T22:44:16.502003+00:00,onsale,8.73,8.73,0,46
G5vzZ_GxolAJH,2026-09-20T22:44:16.502003+00:00,onsale,,,1,47
Z7r9jZ1A7P8ud,2026-09-20T22:44:16.502003+00:00,onsale,,,1,47
G5vzZ_1QVNjHB,2026-09-20T22:44:16.502003+00:00,onsale,,,2,47
G5vzZ_o64OiTd,2026-09-20T22:44:16.502003+00:00,onsale,,,1,47
G5vzZ_udAu1TO,2026-09-20T22:44:16.502003+00:00,onsale,,,1,47
rZ7HnEZ1AfZUu7,2026-09-20T22:44:16.502003+00:00,onsale,14.13,14.13,0,47
G5vzZ_632CPOB,2026-09-20T22:44:16.502003+00:00,onsale,,,1,47
G5vzZ_36twrgx,2026-09-20T22:44:16.502003+00:00,onsale,,,1,47
G5vzZ_ARt0CI4,2026-09-20T22:44:16.502003+00:00,onsale,,,1,47
G5vzZ_GS52mdO,2026-09-20T22:44:16.502003+00:00,onsale,,,1,47
Z7r9jZ1A7JZ_-,2026-09-20T22:44:16.502003+00:00,onsale,,,1,47
Z7r9jZ1AAZgfM,2026-09-20T22:44:16.502003+00:00,onsale,,,1,47
Z7r9jZ1AAZvuO,2026-09-20T22:44:16.502003+00:00,onsale,,,2,47
rZ7HnEZ1Af1ov7,2026-09-20T22:44:16.502003+00:00,onsale,24.15,24.15,1,47
G5vzZ_2xp-9Me,2026-09-20T22:44:16.502003+00:00,onsale,,,3,47
rZ7HnEZ1AfG3k7,2026-09-20T22:44:16.502003+00:00,onsale,24.95,24.95,0,47
rZ7HnEZ1AfGJj0,2026-09-20T22:44:16.502003+00:00,onsale,24.95,24.95,1,47
rZ7HnEZ1AfGNJf,2026-09-20T22:44:16.502003+00:00,onsale,14.95,14.95,1,47
Z7r9jZ1A7Po4V,2026-09-20T22:44:16.502003+00:00,onsale,,,1,48
G5vzZ_5_zrSr4,2026-09-20T22:44:16.502003+00:00,onsale,,,2,48
G5vzZ_3NdIbdl,2026-09-20T22:44:16.502003+00:00,onsale,,,1,48
G5vzZ_5QulPp0,2026-09-20T22:44:16.502003+00:00,cancelled,,,2,48
Z7r9jZ1A7Pw4w,2026-09-20T22:44:16.502003+00:00,onsale,,,1,48
rZ7HnEZ1AfZgO0,2026-09-20T22:44:16.502003+00:00,onsale,25.18,25.18,0,48
1718v0G6u2nj-ep,2026-09-20T22:44:16.502003+00:00,onsale,,,1,48
G5vzZ_1wyV1lW,2026-09-20T22:44:16.502003+00:00,onsale,,,1,48
G5vzZ_oCgRibm,2026-09-20T22:44:16.502003+00:00,onsale,,,1,48
Z7r9jZ1A7PJFf,2026-09-20T22:44:16.502003+00:00,onsale,,,1,48
Z7r9jZ1A7PK4P,2026-09-20T22:44:16.502003+00:00,onsale,,,1,48
Z7r9jZ1A7xvZ7,2026-09-20T22:44:16.502003+00:00,onsale,,,1,48
Z7r9jZ1AAZM4x,2026-09-20T22:44:16.502003+00:00,onsale,,,1,48
rZ7HnEZ1Af1ovV,2026-09-20T22:44:16.502003+00:00,onsale,24.2,24.2,1,48
rZ7HnEZ1AfkoF7,2026-09-20T22:44:16.502003+00:00,onsale,24.15,24.15,1,48
rZ7HnEZ1AfGJ_V,2026-09-20T22:44:16.502003+00:00,onsale,34.95,34.95,0,48
rZ7HnEZ1AfG_q7,2026-09-20T22:44:16.502003+00:00,onsale,24.95,24.95,0,48
Z7r9jZ1A7x3oS,2026-09-20T22:44:16.502003+00:00,onsale,,,1,49
G5vzZ_o6vjnHf,2026-09-20T22:44:16.502003+00:00,onsale,,,2,49
Z7r9jZ1A7Pw4V,2026-09-20T22:44:16.502003+00:00,onsale,,,2,49
rZ7HnEZ1AfZgFf,2026-09-20T22:44:16.502003+00:00,onsale,14.13,14.13,0,49
Z7r9jZ1A707o6,2026-09-20T22:44:16.502003+00:00,onsale,,,3,49
Z7r9jZ1A70tGz,2026-09-20T22:44:16.502003+00:00,onsale,,,1,49
Z7r9jZ1A7Pg-6,2026-09-20T22:44:16.502003+00:00,onsale,,,2,49
Z7r9jZ1A7xZGY,2026-09-20T22:44:16.502003+00:00,onsale,,,4,49
Z7r9jZ1AAZJqU,2026-09-20T22:44:16.502003+00:00,onsale,,,3,49
G5vzZ_8M-XzHk,2026-09-20T22:44:16.502003+00:00,onsale,,,4,50
Z7r9jZ1A7JoqO,2026-09-20T22:44:16.502003+00:00,onsale,,,1,50
G5vzZ_83WWuD5,2026-09-20T22:44:16.502003+00:00,onsale,,,2,50
Z7r9jZ1AAZbjA,2026-09-20T22:44:16.502003+00:00,onsale,,,2,50
G5vzZ_GKGTltr,2026-09-20T22:44:16.502003+00:00,onsale,,,1,51
G5vzZ_C18wErg,2026-09-20T22:44:16.502003+00:00,onsale,,,1,51
Z7r9jZ1A708ve,2026-09-20T22:44:16.502003+00:00,onsale,,,1,51
Z7r9jZ1A7P4-3,2026-09-20T22:44:16.502003+00:00,onsale,,,2,51
rZ7HnEZ1AfAK70,2026-09-20T22:44:16.502003+00:00,onsale,16.56,16.56,0,52
G5vzZ_8l-vdn4,2026-09-20T22:44:16.502003+00:00,onsale,,,3,52
G5vzZ_GRvDuty,2026-09-20T22:44:16.502003+00:00,onsale,,,1,52
G5vzZbUIYXc--,2026-09-20T22:44:16.502003+00:00,onsale,,,2,52
G5vzZbUpm3JUT,2026-09-20T22:44:16.502003+00:00,onsale,,,3,52
G5vzZ_8cgYNzN,2026-09-20T22:44:16.502003+00:00,onsale,,,1,52
Z7r9jZ1A70Aqb,2026-09-20T22:44:16.502003+00:00,onsale,,,1,52
Z7r9jZ1AAZJ84,2026-09-20T22:44:16.502003+00:00,onsale,,,1,52
rZ7HnEZ1AfxAvN,2026-09-20T22:44:16.502003+00:00,onsale,,,0,52
G5vzZ_2pSnB5V,2026-09-20T22:44:16.502003+00:00,onsale,,,1,53
Z7r9jZ1A70_PF,2026-09-20T22:44:16.502003+00:00,onsale,,,3,53
G5vzZ_oNEqZzb,2026-09-20T22:44:16.502003+00:00,onsale,,,2,53
G5vzZ_uEjVVBz,2026-09-20T22:44:16.502003+00:00,onsale,,,3,53
Z7r9jZ1A70Af7,2026-09-20T22:44:16.502003+00:00,onsale,,,4,53
G5vzZ_5wI1DMl,2026-09-20T22:44:16.502003+00:00,onsale,,,1,53
G5vzZ_G56wTgG,2026-09-20T22:44:16.502003+00:00,onsale,,,1,53
Z7r9jZ1A7P7Ak,2026-09-20T22:44:16.502003+00:00,onsale,,,1,53
rZ7HnEZ1AfZUjf,2026-09-20T22:44:16.502003+00:00,onsale,8.73,8.73,0,53
Z7r9jZ1A70FFa,2026-09-20T22:44:16.502003+00:00,onsale,,,2,54
G5vzZ_33WEx7j,2026-09-20T22:44:16.502003+00:00,onsale,,,1,54
G5vzZ_8rlfm9U,2026-09-20T22:44:16.502003+00:00,onsale,,,2,54
G5vzZby1EhpS2,2026-09-20T22:44:16.502003+00:00,onsale,,,2,54
rZ7HnEZ1AfZUFV,2026-09-20T22:44:16.502003+00:00,onsale,14.13,14.13,0,54
G5vzZ_uEZLLxE,2026-09-20T22:44:16.502003+00:00,onsale,,,3,54
Z7r9jZ1A7Pwfx,2026-09-20T22:44:16.502003+00:00,onsale,,,3,54
Z7r9jZ1A7x6ua,2026-09-20T22:44:16.502003+00:00,onsale,,,2,54
1718v0G62HYps1T,2026-09-20T22:44:16.502003+00:00,onsale,,,2,54
G5vzZ_8mpYE0h,2026-09-20T22:44:16.502003+00:00,onsale,,,1,54
Z7r9jZ1A7-YqO,2026-09-20T22:44:16.502003+00:00,onsale,,,1,54
Z7r9jZ1A7P9u-,2026-09-20T22:44:16.502003+00:00,onsale,,,1,54
Z7r9jZ1AAZ4AN,2026-09-20T22:44:16.502003+00:00,onsale,,,2,54
rZ7HnEZ1Afa0f7,2026-09-20T22:44:16.502003+00:00,onsale,41.63,41.63,1,54
G5vzZ_oNd3hTQ,2026-09-20T22:44:16.502003+00:00,onsale,,,0,54
Z7r9jZ1A7xaFa,2026-09-20T22:44:16.502003+00:00,onsale,,,1,54
rZ7HnEZ1AfFkoV,2026-09-20T22:44:16.502003+00:00,onsale,81.86,103.21,1,54
rZ7HnEZ1AfG98V,2026-09-20T22:44:16.502003+00:00,onsale,24.95,24.95,1,54
Z7r9jZ1A7Ovqv,2026-09-20T22:44:16.502003+00:00,onsale,,,1,55
G5vzZ_uURfIzf,2026-09-20T22:44:16.502003+00:00,onsale,,,2,55
G5vzZ_CTP-Hgb,2026-09-20T22:44:16.502003+00:00,onsale,,,1,55
G5vzZ_F2U0Hie,2026-09-20T22:44:16.502003+00:00,onsale,,,2,55
rZ7HnEZ1AfZgrf,2026-09-20T22:44:16.502003+00:00,onsale,25.18,25.18,0,55
1718v0G6u2WGs1_,2026-09-20T22:44:16.502003+00:00,onsale,,,1,55
G5vzZ_2X6FgW0,2026-09-20T22:44:16.502003+00:00,onsale,,,2,55
Z7r9jZ1A7JoPb,2026-09-20T22:44:16.502003+00:00,onsale,,,1,55
Z7r9jZ1A7PJa8,2026-09-20T22:44:16.502003+00:00,onsale,,,1,55
Z7r9jZ1A7xAZo,2026-09-20T22:44:16.502003+00:00,onsale,,,2,55
G5vzZ_13TbrQr,2026-09-20T22:44:16.502003+00:00,onsale,,,1,55
G5vzZ_CB-JIvf,2026-09-20T22:44:16.502003+00:00,onsale,,,1,55
Z7r9jZ1A7-yP7,2026-09-20T22:44:16.502003+00:00,onsale,,,1,55
Z7r9jZ1A7J3At,2026-09-20T22:44:16.502003+00:00,onsale,,,1,55
Z7r9jZ1AAvKqN,2026-09-20T22:44:16.502003+00:00,onsale,,,1,55
G5vzZ_uURgFDv,2026-09-20T22:44:16.502003+00:00,onsale,,,2,55
Z7r9jZ1A70kOE,2026-09-20T22:44:16.502003+00:00,onsale,,,2,55
rZ7HnEZ1AfGO_7,2026-09-20T22:44:16.502003+00:00,onsale,39.16,42.36,0,55
rZ7HnEZ1A4Ze4d,2026-09-20T22:44:16.502003+00:00,onsale,24.95,24.95,0,55
rZ7HnEZ1A4ZeFS,2026-09-20T22:44:16.502003+00:00,onsale,24.95,24.95,0,55
Z7r9jZ1A7JoP9,2026-09-20T22:44:16.502003+00:00,onsale,,,1,56
Z7r9jZ1A7O6_O,2026-09-20T22:44:16.502003+00:00,onsale,,,1,56
G5vzZ_5MI64Cq,2026-09-20T22:44:16.502003+00:00,onsale,,,3,56
1Ae0Z_kGklnAOLU,2026-09-20T22:44:16.502003+00:00,onsale,,,2,56
G5vzZ_om1NPJT,2026-09-20T22:44:16.502003+00:00,onsale,,,1,56
Z7r9jZ1A7-0Ck,2026-09-20T22:44:16.502003+00:00,onsale,,,2,56
Z7r9jZ1A7-Ouv,2026-09-20T22:44:16.502003+00:00,onsale,,,1,56
rZ7HnEZ1AfZgF7,2026-09-20T22:44:16.502003+00:00,onsale,14.13,14.13,0,56
G5vzZ_1BwrQu_,2026-09-20T22:44:16.502003+00:00,onsale,,,1,56
G5vzZ_8I5_G1r,2026-09-20T22:44:16.502003+00:00,onsale,,,1,56
G5vzZ_GRvyqtl,2026-09-20T22:44:16.502003+00:00,onsale,,,2,56
Z7r9jZ1A7x9kv,2026-09-20T22:44:16.502003+00:00,onsale,,,2,56
Z7r9jZ1AAZJF9,2026-09-20T22:44:16.502003+00:00,onsale,,,1,56
G5vzZ_8M20K4Z,2026-09-20T22:44:16.502003+00:00,onsale,,,1,57
Z7r9jZ1A7PfAb,2026-09-20T22:44:16.502003+00:00,onsale,,,1,58
1718v0G6CbwusjH,2026-09-20T22:44:16.502003+00:00,onsale,,,0,58
G5vzZ_aUpxQSs,2026-09-20T22:44:16.502003+00:00,onsale,,,1,58
rZ7HnEZ1AfAKAf,2026-09-20T22:44:16.502003+00:00,onsale,16.56,16.56,0,59
G5vzZ_3lqEGIH,2026-09-20T22:44:16.502003+00:00,onsale,,,1,59
G5vzZ_k4yJfD0,2026-09-20T22:44:16.502003+00:00,onsale,,,3,59
Z7r9jZ1A7-Ojz,2026-09-20T22:44:16.502003+00:00,onsale,,,3,59
rZ7HnEZ1A4Za-N,2026-09-20T22:44:16.502003+00:00,onsale,20.03,41.13,0,59
G5vzZ_aBwilEA,2026-09-20T22:44:16.502003+00:00,onsale,,,1,59
Z7r9jZ1AAZfxb,2026-09-20T22:44:16.502003+00:00,onsale,,,1,59
rZ7HnEZ1AfxAed,2026-09-20T22:44:16.502003+00:00,onsale,,,0,59
G5vzZ_8mcSnfN,2026-09-20T22:44:16.502003+00:00,onsale,,,5,60
G5vzZ_uCJAaPb,2026-09-20T22:44:16.502003+00:00,onsale,,,2,60
Z7r9jZ1AAZ3uZ,2026-09-20T22:44:16.502003+00:00,onsale,,,1,60
G5vzZ_CNtkGGK,2026-09-20T22:44:16.502003+00:00,onsale,,,1,60
G5vzZ_o5N-0JZ,2026-09-20T22:44:16.502003+00:00,onsale,,,1,60
Z7r9jZ1A7P-1a,2026-09-20T22:44:16.502003+00:00,onsale,,,1,60
Z7r9jZ1A7Psf0,2026-09-20T22:44:16.502003+00:00,onsale,,,2,60
rZ7HnEZ1AfZU00,2026-09-20T22:44:16.502003+00:00,onsale,8.73,8.73,0,60
rZ7HnEZ1AfGd40,2026-09-20T22:44:16.502003+00:00,onsale,,,0,60
G5vzZ_19koCIM,2026-09-20T22:44:16.502003+00:00,onsale,,,4,61
G5vzZ_2QDTig-,2026-09-20T22:44:16.502003+00:00,onsale,,,1,61
Z7r9jZ1AAvA8F,2026-09-20T22:44:16.502003+00:00,onsale,,,4,61
rZ7HnEZ1AfZUG0,2026-09-20T22:44:16.502003+00:00,onsale,14.13,14.13,0,61
Z7r9jZ1A70JG-,2026-09-20T22:44:16.502003+00:00,onsale,,,1,61
G5vzZ_oSCGq1X,2026-09-20T22:44:16.502003+00:00,onsale,,,0,61
Z7r9jZ1A7PVb7,2026-09-20T22:44:16.502003+00:00,onsale,,,1,61
Z7r9jZ1AAv7AU,2026-09-20T22:44:16.502003+00:00,onsale,,,4,61
rZ7HnEZ1AfaYG7,2026-09-20T22:44:16.502003+00:00,onsale,24.15,24.15,0,61
G5vzZ_36tuCwv,2026-09-20T22:44:16.502003+00:00,onsale,,,1,61
Z7r9jZ1A7PE4I,2026-09-20T22:44:16.502003+00:00,onsale,,,3,61
Z7r9jZ1A7PIoN,2026-09-20T22:44:16.502003+00:00,onsale,,,1,61
Z7r9jZ1AAv47F,2026-09-20T22:44:16.502003+00:00,onsale,,,1,61
G5vzZ_o66YlJp,2026-09-20T22:44:16.502003+00:00,onsale,,,1,62
G5vzZ_G3prJzF,2026-09-20T22:44:16.502003+00:00,onsale,,,4,62
G5vzZ_GRvTun7,2026-09-20T22:44:16.502003+00:00,onsale,,,3,62
1718v0G62Hsxs5F,2026-09-20T22:44:16.502003+00:00,onsale,,,0,62
G5vzZ_G2YXKwn,2026-09-20T22:44:16.502003+00:00,onsale,,,2,62
Z7r9jZ1A7--ke,2026-09-20T22:44:16.502003+00:00,onsale,,,1,62
rZ7HnEZ1AfZg_7,2026-09-20T22:44:16.502003+00:00,onsale,25.18,25.18,0,62
G5vzZ_o66Jl0U,2026-09-20T22:44:16.502003+00:00,onsale,,,1,62
Z7r9jZ1A707P9,2026-09-20T22:44:16.502003+00:00,onsale,,,1,62
Z7r9jZ1A7Pwb3,2026-09-20T22:44:16.502003+00:00,onsale,,,1,62
Z7r9jZ1AAZkA-,2026-09-20T22:44:16.502003+00:00,onsale,,,4,62
Z7r9jZ1A70JGs,2026-09-20T22:44:16.502003+00:00,onsale,,,1,63
G5vzZ_3NuRbmP,2026-09-20T22:44:16.502003+00:00,onsale,,,1,63
rZ7HnEZ1AfZga7,2026-09-20T22:44:16.502003+00:00,onsale,14.13,14.13,0,63
G5vzZ_1Kxjfbe,2026-09-20T22:44:16.502003+00:00,onsale,,,1,63
G5vzZ_1he_r2t,2026-09-20T22:44:16.502003+00:00,onsale,,,2,63
G5vzZ_3N2dzSm,2026-09-20T22:44:16.502003+00:00,onsale,,,1,63
G5vzZ_890iVPs,2026-09-20T22:44:16.502003+00:00,onsale,,,3,65
Z7r9jZ1AAZO8t,2026-09-20T22:44:16.502003+00:00,onsale,,,3,65
Z7r9jZ1A7P8Oa,2026-09-20T22:44:16.502003+00:00,onsale,,,2,65
rZ7HnEZ1AfA3Jf,2026-09-20T22:44:16.502003+00:00,onsale,16.56,16.56,0,66
G5vzZ_33Wiek4,2026-09-20T22:44:16.502003+00:00,onsale,,,1,66
G5vzZ_oKOhAO4,2026-09-20T22:44:16.502003+00:00,onsale,,,1,66
rZ7HnEZ1AfxA7K,2026-09-20T22:44:16.502003+00:00,onsale,,,0,66
rZ7HnEZ1AfZUq0,2026-09-20T22:44:16.502003+00:00,onsale,8.73,8.73,0,67
G5vzZ_oKk7Lnw,2026-09-20T22:44:16.502003+00:00,onsale,,,3,68
rZ7HnEZ1AfZUGV,2026-09-20T22:44:16.502003+00:00,onsale,14.13,14.13,0,68
rZ7HnEZ1AfFo0V,2026-09-20T22:44:16.502003+00:00,onsale,24.15,24.15,0,68
G5vzZ_oXfsVYW,2026-09-20T22:44:16.502003+00:00,onsale,,,1,68
Z7r9jZ1A70IuS,2026-09-20T22:44:16.502003+00:00,onsale,,,1,68
Z7r9jZ1AAZyOs,2026-09-20T22:44:16.502003+00:00,onsale,,,1,68
G5vzZ_8Uziu12,2026-09-20T22:44:16.502003+00:00,onsale,,,5,69
G5vzZ_udVjCjg,2026-09-20T22:44:16.502003+00:00,onsale,,,3,69
G5vzZ_3lGBlfR,2026-09-20T22:44:16.502003+00:00,onsale,,,2,69
G5vzZ_uBb6M1Z,2026-09-20T22:44:16.502003+00:00,onsale,,,2,69
rZ7HnEZ1AfZgxf,2026-09-20T22:44:16.502003+00:00,onsale,25.18,25.18,0,69
Z7r9jZ1A7Pw4g,2026-09-20T22:44:16.502003+00:00,onsale,,,2,69
Z7r9jZ1A7Pe-g,2026-09-20T22:44:16.502003+00:00,onsale,,,1,69
Z7r9jZ1A7x9pF,2026-09-20T22:44:16.502003+00:00,onsale,,,3,69
rZ7HnEZ1Af16aV,2026-09-20T22:44:16.502003+00:00,onsale,24.95,24.95,1,69
Z7r9jZ1AAvI-d,2026-09-20T22:44:16.502003+00:00,onsale,,,2,70
Z7r9jZ1A7PvbV,2026-09-20T22:44:16.502003+00:00,onsale,,,1,70
rZ7HnEZ1AfZgu0,2026-09-20T22:44:16.502003+00:00,onsale,14.13,14.13,0,70
G5vzZ_GmTsqqG,2026-09-20T22:44:16.502003+00:00,onsale,,,1,70
G5vzZ_oRQXwUL,2026-09-20T22:44:16.502003+00:00,onsale,,,2,71
1718v0G62895owQ,2026-09-20T22:44:16.502003+00:00,onsale,,,2,71
Z7r9jZ1A7PeOJ,2026-09-20T22:44:16.502003+00:00,onsale,,,3,71
Z7r9jZ1AAZdF3,2026-09-20T22:44:16.502003+00:00,onsale,,,2,71
G5vzZ_8ULAUXJ,2026-09-20T22:44:16.502003+00:00,onsale,,,2,72
Z7r9jZ1A7P-of,2026-09-20T22:44:16.502003+00:00,onsale,,,4,72
Z7r9jZ1A7J3j8,2026-09-20T22:44:16.502003+00:00,onsale,,,1,72
Z7r9jZ1A7Pw4U,2026-09-20T22:44:16.502003+00:00,onsale,,,2,72
Z7r9jZ1AAZYG_,2026-09-20T22:44:16.502003+00:00,onsale,,,2,72
rZ7HnEZ1AfAKv7,2026-09-20T22:44:16.502003+00:00,onsale,16.56,16.56,0,73
Z7r9jZ1A7PVbS,2026-09-20T22:44:16.502003+00:00,onsale,,,1,73
Z7r9jZ1AAZO-7,2026-09-20T22:44:16.502003+00:00,onsale,,,1,73
1718v0G61NkBsY3,2026-09-20T22:44:16.502003+00:00,onsale,,,2,73
G5vzZ_55Eui2W,2026-09-20T22:44:16.502003+00:00,onsale,,,2,73
G5vzZ_5w29b6K,2026-09-20T22:44:16.502003+00:00,onsale,,,2,73
Z7r9jZ1A70489,2026-09-20T22:44:16.502003+00:00,onsale,,,1,73
rZ7HnEZ1AfxAZd,2026-09-20T22:44:16.502003+00:00,onsale,,,0,73
G5vzZ_Gmp_Mzu,2026-09-20T22:44:16.502003+00:00,onsale,,,3,74
G5vzZ_FlLyLOb,2026-09-20T22:44:16.502003+00:00,onsale,,,1,74
G5vzZ_5lHXEdG,2026-09-20T22:44:16.502003+00:00,onsale,,,2,74
G5vzZ_5woJzrM,2026-09-20T22:44:16.502003+00:00,onsale,,,2,74
Z7r9jZ1AAZkAw,2026-09-20T22:44:16.502003+00:00,onsale,,,2,74
Z7r9jZ1AAvNP0,2026-09-20T22:44:16.502003+00:00,onsale,,,2,74
rZ7HnEZ1AfZU-7,2026-09-20T22:44:16.502003+00:00,onsale,8.73,8.73,0,74
G5vzZ_aexByha,2026-09-20T22:44:16.502003+00:00,onsale,,,11,74
G5vzZ_Cz17Qno,2026-09-20T22:44:16.502003+00:00,onsale,,,4,75
G5vzZ_aeOqyaj,2026-09-20T22:44:16.502003+00:00,onsale,,,6,75
G5vzZ_GK22DsH,2026-09-20T22:44:16.502003+00:00,onsale,,,1,75
rZ7HnEZ1AfZUuV,2026-09-20T22:44:16.502003+00:00,onsale,14.13,14.13,0,75
1Ae0Z_3GkzhQ-LJ,2026-09-20T22:44:16.502003+00:00,onsale,,,0,75
Z7r9jZ1A7PfJK,2026-09-20T22:44:16.502003+00:00,onsale,,,2,75
rZ7HnEZ1AfFNG7,2026-09-20T22:44:16.502003+00:00,cancelled,0.0,0.0,0,75
Z7r9jZ1A7PVjk,2026-09-20T22:44:16.502003+00:00,onsale,,,1,75
rZ7HnEZ1AfGFFf,2026-09-20T22:44:16.502003+00:00,onsale,24.95,24.95,0,75
G5vzZ_aexQt9c,2026-09-20T22:44:16.502003+00:00,onsale,,,11,75
G5vzZ_ae-L_oS,2026-09-20T22:44:16.502003+00:00,onsale,,,6,76
rZ7HnEZ1AfZgQ7,2026-09-20T22:44:16.502003+00:00,onsale,25.18,25.18,0,76
Z7r9jZ1A70A8y,2026-09-20T22:44:16.502003+00:00,onsale,,,1,76
Z7r9jZ1A70tCF,2026-09-20T22:44:16.502003+00:00,onsale,,,2,76
G5vzZ_Gsc7Kag,2026-09-20T22:44:16.502003+00:00,onsale,,,2,76
G5vzZ_1mBX_sF,2026-09-20T22:44:16.502003+00:00,onsale,,,1,77
G5vzZ_2DlxfRU,2026-09-20T22:44:16.502003+00:00,onsale,,,1,77
Z7r9jZ1A7PSaM,2026-09-20T22:44:16.502003+00:00,onsale,,,1,77
rZ7HnEZ1AfZg1f,2026-09-20T22:44:16.502003+00:00,onsale,14.13,14.13,0,77
G5vzZ_325vm12,2026-09-20T22:44:16.502003+00:00,onsale,,,1,77
Z7r9jZ1A7Pk3_,2026-09-20T22:44:16.502003+00:00,onsale,,,1,77
G5vzZ_53YPlC7,2026-09-20T22:44:16.502003+00:00,onsale,,,3,79
G5vzZ_8pBmuSp,2026-09-20T22:44:16.502003+00:00,onsale,,,2,79
Z7r9jZ1A70d4f,2026-09-20T22:44:16.502003+00:00,onsale,,,3,79
rZ7HnEZ1AfAKAV,2026-09-20T22:44:16.502003+00:00,onsale,16.56,16.56,0,80
G5vzZ_8U_UAYk,2026-09-20T22:44:16.502003+00:00,onsale,,,3,80
G5vzZ_o1n2HqL,2026-09-20T22:44:16.502003+00:00,onsale,,,2,80
rZ7HnEZ1AfxAFd,2026-09-20T22:44:16.502003+00:00,onsale,,,0,80
G5vzZ_3xEW44i,2026-09-20T22:44:16.502003+00:00,onsale,,,1,81
G5vzZ_C-Oss-f,2026-09-20T22:44:16.502003+00:00,onsale,,,1,81
rZ7HnEZ1AfZUOV,2026-09-20T22:44:16.502003+00:00,onsale,8.73,8.73,0,81
G5vzZ_2T2Jz29,2026-09-20T22:44:16.502003+00:00,onsale,,,1,82
rZ7HnEZ1AfZU8f,2026-09-20T22:44:16.502003+00:00,onsale,14.13,14.13,0,82
Z7r9jZ1A70JGp,2026-09-20T22:44:16.502003+00:00,onsale,,,1,82
Z7r9jZ1A7PK4E,2026-09-20T22:44:16.502003+00:00,onsale,,,1,82
rZ7HnEZ1AfP0oN,2026-09-20T22:44:16.502003+00:00,onsale,51.93,51.93,1,82
G5vzZ_oJ0Eye-,2026-09-20T22:44:16.502003+00:00,onsale,,,1,82
G5vzZ_oJ0Ntv_,2026-09-20T22:44:16.502003+00:00,onsale,,,1,82
rZ7HnEZ1AfG3ZV,2026-09-20T22:44:16.502003+00:00,onsale,0.0,0.0,0,82
Z7r9jZ1A70JuK,2026-09-20T22:44:16.502003+00:00,onsale,,,1,83
G5vzZ_1SIgr2S,2026-09-20T22:44:16.502003+00:00,onsale,,,4,83
G5vzZ_196hmUm,2026-09-20T22:44:16.502003+00:00,onsale,,,3,83
Z7r9jZ1A70JGz,2026-09-20T22:44:16.502003+00:00,onsale,,,1,83
G5vzZ_3N2yIUP,2026-09-20T22:44:16.502003+00:00,onsale,,,1,83
rZ7HnEZ1AfZgb0,2026-09-20T22:44:16.502003+00:00,onsale,25.18,25.18,0,83
Z7r9jZ1AAZPeZ,2026-09-20T22:44:16.502003+00:00,onsale,,,1,83
rZ7HnEZ1Af1oAf,2026-09-20T22:44:16.502003+00:00,onsale,24.2,24.2,0,83
G5vzZ_oJ0ladB,2026-09-20T22:44:16.502003+00:00,onsale,,,1,83
rZ7HnEZ1AfG_b7,2026-09-20T22:44:16.502003+00:00,onsale,14.95,14.95,0,83
Z7r9jZ1A70JbA,2026-09-20T22:44:16.502003+00:00,onsale,,,1,84
G5vzZ_8n0IbXV,2026-09-20T22:44:16.502003+00:00,onsale,,,4,84
Z7r9jZ1AAZdby,2026-09-20T22:44:16.502003+00:00,onsale,,,4,84
Z7r9jZ1AAv7jd,2026-09-20T22:44:16.502003+00:00,onsale,,,2,84
rZ7HnEZ1AfZgFV,2026-09-20T22:44:16.502003+00:00,onsale,14.13,14.13,0,84
Z7r9jZ1AAvsQ4,2026-09-20T22:44:16.502003+00:00,onsale,,,1,85
16e0Z_37JG7UYcM,2026-09-20T22:44:16.502003+00:00,onsale,,,0,85
rZ7HnEZ1AfAKef,2026-09-20T22:44:16.502003+00:00,onsale,16.56,16.56,0,87
rZ7HnEZ1A4Za0S,2026-09-20T22:44:16.502003+00:00,onsale,20.03,41.13,0,87
Z7r9jZ1A70JuN,2026-09-20T22:44:16.502003+00:00,onsale,,,2,87
rZ7HnEZ1AfxAZN,2026-09-20T22:44:16.502003+00:00,onsale,,,0,87
Z7r9jZ1A70JGS,2026-09-20T22:44:16.502003+00:00,onsale,,,2,88
Z7r9jZ1A7Pojw,2026-09-20T22:44:16.502003+00:00,onsale,,,1,88
rZ7HnEZ1AfZU_V,2026-09-20T22:44:16.502003+00:00,onsale,8.73,8.73,0,88
G5vzZ_o6vFBBC,2026-09-20T22:44:16.502003+00:00,onsale,,,1,89
Z7r9jZ1AAZF8o,2026-09-20T22:44:16.502003+00:00,onsale,,,1,89
rZ7HnEZ1AfZUaV,2026-09-20T22:44:16.502003+00:00,onsale,14.13,14.13,0,89
1Ae0Z_3GkzsioO0,2026-09-20T22:44:16.502003+00:00,onsale,,,1,89
G5vzZ_ArM9BiG,2026-09-20T22:44:16.502003+00:00,cancelled,,,1,89
Z7r9jZ1A7P8Ob,2026-09-20T22:44:16.502003+00:00,onsale,,,1,89
Z7r9jZ1AAZZa0,2026-09-20T22:44:16.502003+00:00,onsale,,,2,89
Z7r9jZ1AAv_fe,2026-09-20T22:44:16.502003+00:00,onsale,,,1,89
Z7r9jZ1AAvtPU,2026-09-20T22:44:16.502003+00:00,onsale,,,1,89
rZ7HnEZ1AfJ38S,2026-09-20T22:44:16.502003+00:00,onsale,41.63,41.63,1,89
Z7r9jZ1A70tPF,2026-09-20T22:44:16.502003+00:00,onsale,,,1,90
Z7r9jZ1AAvdAE,2026-09-20T22:44:16.502003+00:00,onsale,,,1,90
G5vzZ_3mStaLC,2026-09-20T22:44:16.502003+00:00,onsale,,,1,90
Z7r9jZ1AAZ8u-,2026-09-20T22:44:16.502003+00:00,onsale,,,1,90
G5vzZ_35A2jKt,2026-09-20T22:44:16.502003+00:00,onsale,,,2,90
G5vzZ_5zhOsLS,2026-09-20T22:44:16.502003+00:00,onsale,,,1,90
rZ7HnEZ1AfZgQf,2026-09-20T22:44:16.502003+00:00,onsale,25.18,25.18,0,90
Z7r9jZ1A70b3Z,2026-09-20T22:44:16.502003+00:00,onsale,,,1,90
Z7r9jZ1A70w78,2026-09-20T22:44:16.502003+00:00,onsale,,,2,90
Z7r9jZ1AAZ8o0,2026-09-20T22:44:16.502003+00:00,onsale,,,2,90
Z7r9jZ1A7P-4I,2026-09-20T22:44:16.502003+00:00,onsale,,,1,90
rZ7HnEZ1AfZg77,2026-09-20T22:44:16.502003+00:00,onsale,14.13,14.13,0,91
Z7r9jZ1A70-OF,2026-09-20T22:44:16.502003+00:00,onsale,,,1,91
rZ7HnEZ1AfAKkf,2026-09-20T22:44:16.502003+00:00,onsale,16.56,16.56,0,94
rZ7HnEZ1AfxA7d,2026-09-20T22:44:16.502003+00:00,onsale,,,0,94
rZ7HnEZ1AfZUOf,2026-09-20T22:44:16.502003+00:00,onsale,8.73,8.73,0,95
rZ7HnEZ1AfZUkf,2026-09-20T22:44:16.502003+00:00,onsale,14.13,14.13,0,96
rZ7HnEZ1AfZgOf,2026-09-20T22:44:16.502003+00:00,onsale,25.18,25.18,0,97
rZ7HnEZ1AfZgAf,2026-09-20T22:44:16.502003+00:00,onsale,14.13,14.13,0,98
rZ7HnEZ1AfAKk7,2026-09-20T22:44:16.502003+00:00,onsale,16.56,16.56,0,101
Z7r9jZ1AAZt7P,2026-09-20T22:44:16.502003+00:00,onsale,,,1,101
G5vzZ_8mEraQD,2026-09-20T22:44:16.502003+00:00,onsale,,,3,102
Z7r9jZ1A7Jo-y,2026-09-20T22:44:16.502003+00:00,onsale,,,1,102
rZ7HnEZ1AfZUq7,2026-09-20T22:44:16.502003+00:00,onsale,8.73,8.73,0,102
Z7r9jZ1A70Ju3,2026-09-20T22:44:16.502003+00:00,onsale,,,1,105
rZ7HnEZ1AfAKZ7,2026-09-20T22:44:16.502003+00:00,onsale,16.56,16.56,0,108
Z7r9jZ1A70JuP,2026-09-20T22:44:16.502003+00:00,onsale,,,2,110
Z7r9jZ1A70JuJ,2026-09-20T22:44:16.502003+00:00,onsale,,,2,111
Z7r9jZ1A70Ju0,2026-09-20T22:44:16.502003+00:00,onsale,,,2,112
rZ7HnEZ1AfAKvf,2026-09-20T22:44:16.502003+00:00,onsale,16.56,16.56,0,115
G5vzZ_3JfKPE7,2026-09-20T22:44:16.502003+00:00,onsale,,,1,115
Z7r9jZ1A70JG4,2026-09-20T22:44:16.502003+00:00,onsale,,,1,117
Z7r9jZ1A70Ju7,2026-09-20T22:44:16.502003+00:00,onsale,,,1,118
Z7r9jZ1A70Jud,2026-09-20T22:44:16.502003+00:00,onsale,,,1,119
rZ7HnEZ1AfAKe7,2026-09-20T22:44:16.502003+00:00,onsale,16.56,16.56,0,122
1Ae0Z_3GkiHvsFG,2026-09-20T22:44:16.502003+00:00,onsale,,,1,122
Z7r9jZ1A7PdCp,2026-09-20T22:44:16.502003+00:00,onsale,,,1,123
G5vzZ_2KjCL7N,2026-09-20T22:44:16.502003+00:00,onsale,,,2,124
G5vzZ_3E0Fj9Q,2026-09-20T22:44:16.502003+00:00,onsale,,,1,124
Z7r9jZ1A7x714,2026-09-20T22:44:16.502003+00:00,onsale,,,1,124
Z7r9jZ1AAZtkv,2026-09-20T22:44:16.502003+00:00,onsale,,,1,125
G5vzZ_3niiz9S,2026-09-20T22:44:16.502003+00:00,onsale,,,1,125
Z7r9jZ1AAvJeK,2026-09-20T22:44:16.502003+00:00,onsale,,,1,125
Z7r9jZ1AAZtke,2026-09-20T22:44:16.502003+00:00,onsale,,,1,126
rZ7HnEZ1AfAK77,2026-09-20T22:44:16.502003+00:00,onsale,16.56,16.56,0,129
Z7r9jZ1AAZeJv,2026-09-20T22:44:16.502003+00:00,onsale,,,1,130
Z7r9jZ1A70JuF,2026-09-20T22:44:16.502003+00:00,onsale,,,1,131
Z7r9jZ1A7-boZ,2026-09-20T22:44:16.502003+00:00,onsale,,,1,131
Z7r9jZ1AAv4Fa,2026-09-20T22:44:16.502003+00:00,onsale,,,1,131
Z7r9jZ1A7PFGy,2026-09-20T22:44:16.502003+00:00,onsale,,,1,132
G5vzZ_6e-A6fU,2026-09-20T22:44:16.502003+00:00,onsale,,,2,132
Z7r9jZ1A70JGK,2026-09-20T22:44:16.502003+00:00,onsale,,,1,132
G5vzZ_3JMOzt2,2026-09-20T22:44:16.502003+00:00,onsale,,,1,135
rZ7HnEZ1AfAKv0,2026-09-20T22:44:16.502003+00:00,onsale,16.56,16.56,0,136
G5vzZ_Cr8XVJQ,2026-09-20T22:44:16.502003+00:00,onsale,,,1,136
G5vzZ_u2hqXBT,2026-09-20T22:44:16.502003+00:00,onsale,,,1,136
G5vzZ_uJhDalj,2026-09-20T22:44:16.502003+00:00,onsale,,,2,136
Z7r9jZ1AAZIu0,2026-09-20T22:44:16.502003+00:00,onsale,,,2,138
G5vzZ_KdPwjuE,2026-09-20T22:44:16.502003+00:00,onsale,,,1,138
G5vzZ_uxsH5y5,2026-09-20T22:44:16.502003+00:00,onsale,,,1,139
Z7r9jZ1A70tu4,2026-09-20T22:44:16.502003+00:00,onsale,,,4,139
Z7r9jZ1AAZEPN,2026-09-20T22:44:16.502003+00:00,onsale,,,4,139
G5vzZ_3CFJPyQ,2026-09-20T22:44:16.502003+00:00,onsale,,,3,143
1k18vPFNGA2qOWy,2026-09-20T22:44:16.502003+00:00,onsale,,,0,144
Z7r9jZ1A70JGf,2026-09-20T22:44:16.502003+00:00,onsale,,,1,145
Z7r9jZ1AAZtvS,2026-09-20T22:44:16.502003+00:00,onsale,,,1,145
G5vzZ_o3iVhXH,2026-09-20T22:44:16.502003+00:00,onsale,,,1,146
Z7r9jZ1A70JGM,2026-09-20T22:44:16.502003+00:00,onsale,,,1,146
Z7r9jZ1AAZtvV,2026-09-20T22:44:16.502003+00:00,onsale,,,1,146
Z7r9jZ1AAZV0V,2026-09-20T22:44:16.502003+00:00,onsale,,,1,146
Z7r9jZ1AAZyOw,2026-09-20T22:44:16.502003+00:00,onsale,,,1,146
Z7r9jZ1A70Juv,2026-09-20T22:44:16.502003+00:00,onsale,,,1,147
G5vzZ_oE6FCeI,2026-09-20T22:44:16.502003+00:00,onsale,,,3,153
Z7r9jZ1AAZtok,2026-09-20T22:44:16.502003+00:00,onsale,,,1,153
Z7r9jZ1A70Jue,2026-09-20T22:44:16.502003+00:00,onsale,,,2,154
Z7r9jZ1AAZto6,2026-09-20T22:44:16.502003+00:00,onsale,,,1,154
G5vzZ_GCrLtbm,2026-09-20T22:44:16.502003+00:00,onsale,,,1,160
Z7r9jZ1A70VfE,2026-09-20T22:44:16.502003+00:00,onsale,,,1,166
Z7r9jZ1AAZtZk,2026-09-20T22:44:16.502003+00:00,onsale,,,2,166
Z7r9jZ1A7Pf46,2026-09-20T22:44:16.502003+00:00,onsale,,,1,166
Z7r9jZ1A70JGt,2026-09-20T22:44:16.502003+00:00,onsale,,,2,167
Z7r9jZ1A7JoxZ,2026-09-20T22:44:16.502003+00:00,onsale,,,1,167
Z7r9jZ1A70_-g,2026-09-20T22:44:16.502003+00:00,onsale,,,1,167
Z7r9jZ1A7PJ-S,2026-09-20T22:44:16.502003+00:00,onsale,,,1,167
Z7r9jZ1A70_P7,2026-09-20T22:44:16.502003+00:00,onsale,,,1,168
Z7r9jZ1A70JGg,2026-09-20T22:44:16.502003+00:00,onsale,,,1,173
Z7r9jZ1A70JuZ,2026-09-20T22:44:16.502003+00:00,onsale,,,1,174
Z7r9jZ1AAZto7,2026-09-20T22:44:16.502003+00:00,onsale,,,1,174
Z7r9jZ1AAZzat,2026-09-20T22:44:16.502003+00:00,onsale,,,1,174
Z7r9jZ1A70JjM,2026-09-20T22:44:16.502003+00:00,onsale,,,1,175
Z7r9jZ1AAZtoA,2026-09-20T22:44:16.502003+00:00,onsale,,,1,175
Z7r9jZ1AAvkbw,2026-09-20T22:44:16.502003+00:00,onsale,,,1,178
G5vzZ_8mbT6VK,2026-09-20T22:44:16.502003+00:00,onsale,,,1,181
G5vzZ_KeilE5w,2026-09-20T22:44:16.502003+00:00,offsale,,,1,186
Z7r9jZ1AAvx0-,2026-09-20T22:44:16.502003+00:00,onsale,,,1,191
1Ae0Z_3GkIsHYXg,2026-09-20T22:44:16.502003+00:00,onsale,,,1,193
G5vzZ_3XqU4b6,2026-09-20T22:44:16.502003+00:00,onsale,,,1,193
Z7r9jZ1AAvJjZ,2026-09-20T22:44:16.502003+00:00,onsale,,,1,193
Z7r9jZ1A70Ju8,2026-09-20T22:44:16.502003+00:00,onsale,,,2,194
Z7r9jZ1A70Juf,2026-09-20T22:44:16.502003+00:00,onsale,,,2,195
Z7r9jZ1A70JGE,2026-09-20T22:44:16.502003+00:00,onsale,,,2,196
Z7r9jZ1A70g46,2026-09-20T22:44:16.502003+00:00,onsale,,,1,201
G5vzZ_2S6pcvP,2026-09-20T22:44:16.502003+00:00,onsale,,,1,202
Z7r9jZ1A70boP,2026-09-20T22:44:16.502003+00:00,onsale,,,2,203
Z7r9jZ1AAZ4xf,2026-09-20T22:44:16.502003+00:00,onsale,,,1,209
Z7r9jZ1AAZ4xK,2026-09-20T22:44:16.502003+00:00,onsale,,,1,210
Z7r9jZ1AAZIvY,2026-09-20T22:44:16.502003+00:00,onsale,,,2,216
G5vzZ_CL6UyOd,2026-09-20T22:44:16.502003+00:00,rescheduled,,,1,217
G5vzZ_3mnVFjD,2026-09-20T22:44:16.502003+00:00,onsale,,,2,220
G5vzZ_31CTAgx,2026-09-20T22:44:16.502003+00:00,onsale,,,2,220
Z7r9jZ1A70v48,2026-09-20T22:44:16.502003+00:00,onsale,,,1,220
Z7r9jZ1A7PK0S,2026-09-20T22:44:16.502003+00:00,onsale,,,1,221
Z7r9jZ1A70JuA,2026-09-20T22:44:16.502003+00:00,onsale,,,1,222
Z7r9jZ1A70Jbk,2026-09-20T22:44:16.502003+00:00,onsale,,,1,223
Z7r9jZ1A70Juo,2026-09-20T22:44:16.502003+00:00,onsale,,,1,224
G5vzZ_8rNYuuu,2026-09-20T22:44:16.502003+00:00,onsale,,,1,224
Z7r9jZ1A70dvv,2026-09-20T22:44:16.502003+00:00,onsale,,,1,228
Z7r9jZ1A70JG0,2026-09-20T22:44:16.502003+00:00,onsale,,,1,231
Z7r9jZ1A70Jua,2026-09-20T22:44:16.502003+00:00,onsale,,,1,236
Z7r9jZ1A7J3av,2026-09-20T22:44:16.502003+00:00,onsale,,,1,236
Z7r9jZ1A70JGx,2026-09-20T22:44:16.502003+00:00,onsale,,,1,237
Z7r9jZ1A7J3ae,2026-09-20T22:44:16.502003+00:00,onsale,,,1,237
Z7r9jZ1A70JGU,2026-09-20T22:44:16.502003+00:00,onsale,,,1,238
G5vzZ_1LSPOiU,2026-09-20T22:44:16.502003+00:00,onsale,,,1,238
G5vzZ_1myctnK,2026-09-20T22:44:16.502003+00:00,onsale,,,2,238
Z7r9jZ1A70JGY,2026-09-20T22:44:16.502003+00:00,onsale,,,1,242
Z7r9jZ1A70JuY,2026-09-20T22:44:16.502003+00:00,onsale,,,2,244
Z7r9jZ1AAZtZf,2026-09-20T22:44:16.502003+00:00,onsale,,,1,244
Z7r9jZ1A70Jus,2026-09-20T22:44:16.502003+00:00,onsale,,,2,245
Z7r9jZ1AAZtZp,2026-09-20T22:44:16.502003+00:00,onsale,,,1,245
Z7r9jZ1A70Ju6,2026-09-20T22:44:16.502003+00:00,onsale,,,2,250
Z7r9jZ1A70JG9,2026-09-20T22:44:16.502003+00:00,onsale,,,2,251
Z7r9jZ1A70JGJ,2026-09-20T22:44:16.502003+00:00,onsale,,,2,252
Z7r9jZ1A7PdZg,2026-09-20T22:44:16.502003+00:00,onsale,,,1,258
Z7r9jZ1AAZgov,2026-09-20T22:44:16.502003+00:00,onsale,,,1,261
G5vzZ_8l39sxz,2026-09-20T22:44:16.502003+00:00,onsale,,,5,272
G5vzZ_3K6u08y,2026-09-20T22:44:16.502003+00:00,offsale,,,4,300
Z7r9jZ1A7qU14,2026-09-20T22:44:16.502003+00:00,rescheduled,,,1,347
Z7r9jZ1A7r6o4,2026-09-20T22:44:16.502003+00:00,rescheduled,,,1,348
G5vzZ_3T62IM_,2026-09-20T22:44:16.502003+00:00,onsale,,,2,5
rZ7HnEZ1AfGJGV,2026-09-20T22:44:16.502003+00:00,onsale,24.95,24.95,0,12
rZ7HnEZ1AfGw8V,2026-09-20T22:44:16.502003+00:00,onsale,71.18,103.21,0,32
Z7r9jZ1AAvNZ9,2026-09-20T22:44:16.502003+00:00,onsale,,,1,63
Z7r9jZ1AAvNZE,2026-09-20T22:44:16.502003+00:00,onsale,,,1,63
1k18vPGvGA5BoZB,2026-09-20T22:44:16.502003+00:00,onsale,,,1,88
G5vzZ_3XNsPzV,2026-09-20T22:44:16.502003+00:00,offsale,,,2,184
