event_id,attraction_id,position
G5vzZ_2XrhjsN,K8vZ917pOX0,0
G5vzZ_2XrhjsN,K8vZ917qkb7,1
Z7r9jZ1A7q3uJ,K8vZ917GEfV,0
G5vzZ_ajd-Wwq,K8vZ9174Mx0,0
G5vzZ_o1_qy5p,K8vZ917bx2V,0
G5vzZ_o1_qy5p,K8vZ9174Mx0,1
Z7r9jZ1A7-bGS,K8vZ91714j7,0
Z7r9jZ1A7-bGS,Z7r9jZab3y,1
Z7r9jZ1A7J4uJ,K8vZ9175n_V,0
Z7r9jZ1A7J4uJ,K8vZ9175W37,1
Z7r9jZ1A7J4uJ,K8vZ917GJKf,2
Z7r9jZ1A7Pw4P,K8vZ917fqnV,0
Z7r9jZ1AAZw_0,K8vZ9171Q67,0
Z7r9jZ1AAZw_0,Z7r9jZ177K3v,1
G5vzZ_eBF3P-E,K8vZ917fxh0,0
G5vzZ_eBF3P-E,K8vZ917pNP0,1
G5vzZ_eBF3P-E,K8vZ91711Yf,2
G5vzZ_eBF3P-E,K8vZ9171f6V,3
G5vzZ_eBF3P-E,K8vZ917oqmf,4
G5vzZ_eBF3P-E,K8vZ91792mV,5
G5vzZ_eBF3P-E,K8vZ917oK20,6
G5vzZ_eBF3P-E,K8vZ9178Ucf,7
G5vzZ_eBF3P-E,K8vZ9172VO7,8
G5vzZ_eBF3P-E,K8vZ91718uV,9
G5vzZ_eBF3P-E,K8vZ917baSV,10
G5vzZ_eBF3P-E,K8vZ91714j7,11
G5vzZ_eBF3P-E,K8vZ917hZ20,12
G5vzZ_eBF3P-E,K8vZ9175dFV,13
G5vzZ_eBF3P-E,K8vZ917o1J0,14
G5vzZ_eBF3P-E,K8vZ917_Se7,15
G5vzZ_eBF3P-E,K8vZ917hzF7,16
G5vzZ_eBF3P-E,K8vZ917h2P7,17
G5vzZ_eBF3P-E,K8vZ917318f,18
G5vzZ_eBF3P-E,K8vZ917GXW0,19
G5vzZ_eBF3P-E,K8vZ917jjyV,20
G5vzZ_eBF3P-E,K8vZ917hyCf,21
G5vzZ_eBF3P-E,K8vZ9174hj7,22
G5vzZ_unyOJeF,K8vZ9172gvf,0
G5vzZ_unyOJeF,K8vZ917OVZ7,1
G5vzZ_unyOJeF,K8vZ917Q-Kf,2
Z7r9jZ1A7PkFf,K8vZ917GYsf,0
Z7r9jZ1A7PkFf,K8vZ917oBZ7,1
G5vzZ_6R2OX7y,K8vZ9174G2V,0
G5vzZ_apbcp_b,K8vZ9174G2V,0
G5vzZ_apbcp_b,K8vZ917b-Of,1
Z7r9jZ1A709O7,K8vZ9171287,0
Z7r9jZ1A709O7,K8vZ9171Gy0,1
Z7r9jZ1A7JfOp,K8vZ917GEfV,0
Z7r9jZ1AAZ0ae,K8vZ9175gW7,0
Z7r9jZ1AAZ0ae,K8vZ917Kmwf,1
G5vzZ_6JR8axI,K8vZ9175BJV,0
Z7r9jZ1A7-U7o,K8vZ9175BJV,0
G5vzZ_26zrFBp,K8vZ9179fE7,0
G5vzZ_oC9PEHy,K8vZ917KkOf,0
rZ7HnEZ1A4ZYfd,K8vZ917qPA0,0
rZ7HnEZ1A4vkxd,K8vZ917Q_e0,0
G5vzZ_6R2VrkQ,K8vZ9174G2V,0
rZ7HnEZ1AfJd4d,K8vZ9175sMf,0
rZ7HnEZ1AfJd4d,K8vZ9175BpV,1
rZ7HnEZ1AfJdbd,K8vZ9175sMf,0
rZ7HnEZ1AfJdbd,K8vZ9175BpV,1
rZ7HnEZ1AfJd0K,K8vZ9175sMf,0
rZ7HnEZ1AfJd0K,K8vZ9175BpV,1
rZ7HnEZ1AfJ7FN,K8vZ9175sMf,0
rZ7HnEZ1AfJ7FN,K8vZ9175BpV,1
G5vzZ_eBFhgxE,K8vZ917fxh0,0
G5vzZ_eBFhgxE,K8vZ917pNP0,1
G5vzZ_eBFhgxE,K8vZ91711Yf,2
G5vzZ_eBFhgxE,K8vZ9171f6V,3
G5vzZ_eBFhgxE,K8vZ917oqmf,4
G5vzZ_eBFhgxE,K8vZ91792mV,5
G5vzZ_eBFhgxE,K8vZ917oK20,6
G5vzZ_eBFhgxE,K8vZ9178Ucf,7
G5vzZ_eBFhgxE,K8vZ9172VO7,8
G5vzZ_eBFhgxE,K8vZ91718uV,9
G5vzZ_eBFhgxE,K8vZ917baSV,10
G5vzZ_eBFhgxE,K8vZ91714j7,11
G5vzZ_eBFhgxE,K8vZ917hZ20,12
G5vzZ_eBFhgxE,K8vZ9175dFV,13
G5vzZ_eBFhgxE,K8vZ917o1J0,14
G5vzZ_eBFhgxE,K8vZ917_Se7,15
G5vzZ_eBFhgxE,K8vZ917hzF7,16
G5vzZ_eBFhgxE,K8vZ917h2P7,17
G5vzZ_eBFhgxE,K8vZ917318f,18
G5vzZ_eBFhgxE,K8vZ917GXW0,19
G5vzZ_eBFhgxE,K8vZ917jjyV,20
G5vzZ_eBFhgxE,K8vZ917hyCf,21
G5vzZ_eBFhgxE,K8vZ9174hj7,22
rZ7HnEZ1AfJdfN,K8vZ9175sMf,0
rZ7HnEZ1AfJdfN,K8vZ9175BpV,1
rZ7HnEZ1AfJd_K,K8vZ9175sMf,0
rZ7HnEZ1AfJd_K,K8vZ9175BpV,1
rZ7HnEZ1AfJdCd,K8vZ9175sMf,0
rZ7HnEZ1AfJdCd,K8vZ9175BpV,1
rZ7HnEZ1AfJdjd,K8vZ9175sMf,0
rZ7HnEZ1AfJdjd,K8vZ9175BpV,1
rZ7HnEZ1AfJdbN,K8vZ9175sMf,0
rZ7HnEZ1AfJdbN,K8vZ9175BpV,1
rZ7HnEZ1AfJd4N,K8vZ9175sMf,0
rZ7HnEZ1AfJd4N,K8vZ9175BpV,1
rZ7HnEZ1AfJ7FK,K8vZ9175sMf,0
rZ7HnEZ1AfJ7FK,K8vZ9175BpV,1
rZ7HnEZ1AfJKeK,K8vZ9179we0,0
G5vzZ_1Mp7mfl,K8vZ917h9Jf,0
G5vzZ_6mF-AVB,K8vZ917bx2V,0
G5vzZ_6mF-AVB,K8vZ917uPQV,1
G5vzZ_G2aMr1J,K8vZ917hrhV,0
G5vzZ_G2aMr1J,K8vZ917rxpf,1
G5vzZ_GtovGEe,K8vZ917CyYf,0
G5vzZ_GtovGEe,K8vZpZAFdnvk,1
Z7r9jZ1A70EFZ,K8vZ9171Wbf,0
G5vzZ_6R2ICAj,K8vZ9174G2V,0
G5vzZ_ap_xkrD,K8vZ9174G2V,0
G5vzZ_ap_xkrD,K8vZ917b-Of,1
Z7r9jZ1A709uE,K8vZ9171287,0
Z7r9jZ1A709uE,K8vZ9171Gy0,1
G5vzZ_1RgFc0g,K8vZ9173LW0,0
G5vzZ_2KpMXP3,K8vZ917QEHV,0
G5vzZ_2KpMXP3,K8vZ917qVV0,1
G5vzZ_2RUvts1,K8vZ917_rZf,0
Z7r9jZ1A70bOp,K8vZ9173LW0,0
Z7r9jZ1AAZoZK,Z7r9jZa8HI,0
Z7r9jZ1A7074z,K8vZ9179V-7,0
Z7r9jZ1A7PK8V,Z7r9jZao6T,0
rZ7HnEZ1A4ZZOd,K8vZ917qXgV,0
rZ7HnEZ1AfkbPf,K8vZ917rsP0,0
rZ7HnEZ1AfJd8K,K8vZ9175sMf,0
rZ7HnEZ1AfJd8K,K8vZ9175BpV,1
rZ7HnEZ1AfJd_S,K8vZ9175sMf,0
rZ7HnEZ1AfJd_S,K8vZ9175BpV,1
rZ7HnEZ1AfJd0d,K8vZ9175sMf,0
rZ7HnEZ1AfJd0d,K8vZ9175BpV,1
rZ7HnEZ1AfJ7ad,K8vZ9175sMf,0
rZ7HnEZ1AfJ7ad,K8vZ9175BpV,1
G5vzZ_eBFPPNH,K8vZ917fxh0,0
G5vzZ_eBFPPNH,K8vZ917pNP0,1
G5vzZ_eBFPPNH,K8vZ91711Yf,2
G5vzZ_eBFPPNH,K8vZ9171f6V,3
G5vzZ_eBFPPNH,K8vZ917oqmf,4
G5vzZ_eBFPPNH,K8vZ91792mV,5
G5vzZ_eBFPPNH,K8vZ917oK20,6
G5vzZ_eBFPPNH,K8vZ9178Ucf,7
G5vzZ_eBFPPNH,K8vZ9172VO7,8
G5vzZ_eBFPPNH,K8vZ91718uV,9
G5vzZ_eBFPPNH,K8vZ917baSV,10
G5vzZ_eBFPPNH,K8vZ91714j7,11
G5vzZ_eBFPPNH,K8vZ917hZ20,12
G5vzZ_eBFPPNH,K8vZ9175dFV,13
G5vzZ_eBFPPNH,K8vZ917o1J0,14
G5vzZ_eBFPPNH,K8vZ917_Se7,15
G5vzZ_eBFPPNH,K8vZ917hzF7,16
G5vzZ_eBFPPNH,K8vZ917h2P7,17
G5vzZ_eBFPPNH,K8vZ917318f,18
G5vzZ_eBFPPNH,K8vZ917GXW0,19
G5vzZ_eBFPPNH,K8vZ917jjyV,20
G5vzZ_eBFPPNH,K8vZ917hyCf,21
G5vzZ_eBFPPNH,K8vZ9174hj7,22
rZ7HnEZ1AfJdpd,K8vZ9175sMf,0
rZ7HnEZ1AfJdpd,K8vZ9175BpV,1
rZ7HnEZ1AfJdpK,K8vZ9175sMf,0
rZ7HnEZ1AfJdpK,K8vZ9175BpV,1
rZ7HnEZ1AfJdoN,K8vZ9175sMf,0
rZ7HnEZ1AfJdoN,K8vZ9175BpV,1
rZ7HnEZ1AfJdfK,K8vZ9175sMf,0
rZ7HnEZ1AfJdfK,K8vZ9175BpV,1
rZ7HnEZ1AfJdfd,K8vZ9175sMf,0
rZ7HnEZ1AfJdfd,K8vZ9175BpV,1
rZ7HnEZ1AfJdjN,K8vZ9175sMf,0
rZ7HnEZ1AfJdjN,K8vZ9175BpV,1
rZ7HnEZ1AfJ7GK,K8vZ9175sMf,0
rZ7HnEZ1AfJ7GK,K8vZ9175BpV,1
G5vzZ_F_W-f16,K8vZ9174G2V,0
Z7r9jZ1A7PKPI,K8vZ917QyC0,0
Z7r9jZ1A7PKPI,Z7r9jZa8UP,1
Z7r9jZ1A7-ZQ4,K8vZ9171bQ0,0
Z7r9jZ1A70gOF,K8vZ917bxDf,0
G5vzZ_59NncqS,K8vZ917h5u0,0
G5vzZ_59NncqS,K8vZ917r-Z7,1
G5vzZ_59NncqS,K8vZ917hCyV,2
G5vzZ_CQuvdce,K8vZ917bx2V,0
G5vzZ_CQuvdce,K8vZ917fhh0,1
1Ae0Z_8Gkc8Oozp,K8vZ917fi_V,0
G5vzZ_1jnMED1,K8vZ917OdpV,0
G5vzZ_1jnMED1,K8vZpZAkvFtk,1
G5vzZ_1jnMED1,K8vZ917-Z17,2
Z7r9jZ1A7OxCF,K8vZ917KbX0,0
Z7r9jZ1A7Oy3p,K8vZ9171bQ0,0
G5vzZ_GwxMtOl,K8vZ9172HJV,0
G5vzZ_GwxMtOl,K8vZ917Q0-0,1
Z7r9jZ1A7P47K,K8vZ91712lf,0
Z7r9jZ1A7P47K,K8vZ917bARV,1
Z7r9jZ1A7P47K,Z7r9jZao8E,2
Z7r9jZ1A7P47K,K8vZ917QE8f,3
G5vzZ_agWKJGt,K8vZ917GmLV,0
G5vzZ_agWKJGt,K8vZ917oXAf,1
Z7r9jZ1A7-O4Y,K8vZ9171Kbf,0
Z7r9jZ1A7-O4Y,K8vZ917CiX0,1
Z7r9jZ1A70NJF,K8vZ9179rl7,0
Z7r9jZ1A70NJF,K8vZ917h5_V,1
Z7r9jZ1A70k7F,K8vZ917GmLV,0
Z7r9jZ1A70k7F,K8vZ917oXAf,1
Z7r9jZ1A7P-aS,Z7r9jZa2Ng,0
G5vzZ_FnWOqZM,K8vZ9175rz0,0
G5vzZ_FnWOqZM,K8vZ9171rlf,1
G5vzZ_FnWOqZM,K8vZ9172OdV,2
G5vzZ_FnWOqZM,K8vZ917bFOf,3
G5vzZ_5MBaWLX,K8vZ917jmK7,0
G5vzZ_5MBaWLX,K8vZ917oKk0,1
G5vzZ_5MBaWLX,K8vZ917jjw7,2
G5vzZ_ClRWqLF,K8vZ917beWV,0
G5vzZ_ClRWqLF,K8vZ917hCKV,1
G5vzZ_ClRWqLF,K8vZ917h2v7,2
G5vzZ_k3QJbl5,K8vZ917_fp7,0
G5vzZ_F1xWcbS,K8vZ917rmaf,0
Z7r9jZ1A7-SFP,K8vZ9173GO7,0
1718v0G6295t8L8,K8vZ9174Uuf,0
G5vzZ_32jrYXh,K8vZ917bx2V,0
G5vzZ_32jrYXh,K8vZ917owP0,1
G5vzZ_6XJb_jY,K8vZ9178Eof,0
G5vzZ_F1DRoV4,K8vZ9178Eof,0
G5vzZ_F1DRoV4,K8vZ917b-Of,1
Z7r9jZ1A70EZg,K8vZ917fqqf,0
Z7r9jZ1A70p_O,Z7r9jZa8rB,0
Z7r9jZ1A70p_O,K8vZ917QfTV,1
Z7r9jZ1A7PoeK,K8vZ9173LVf,0
Z7r9jZ1A7PoeK,Z7r9jZaf94,1
Z7r9jZ1AAZdaV,K8vZ9174Uuf,0
G5vzZ_557vtgC,K8vZ917qzSf,0
G5vzZ_557vtgC,K8vZ917hN8V,1
G5vzZ_aNyxj7v,K8vZ9175Cvf,0
G5vzZ_aNyxj7v,K8vZ917G0M7,1
G5vzZ_aNyxj7v,K8vZ917bmj0,2
G5vzZ_agZhbVn,K8vZ917h_Ef,0
G5vzZ_agZhbVn,K8vZ917-Ct0,1
G5vzZ_u1mS_gk,K8vZ9171b0f,0
G5vzZ_u1mS_gk,K8vZ91780b7,1
Z7r9jZ1A7Pej4,Z7r9jZaa9e,0
G5vzZbUIGBG4z,K8vZ9175WGV,0
Z7r9jZ1A7rZoF,K8vZ9175WGV,0
Z7r9jZ1A7x3o_,K8vZ917CfP0,0
G5vzZ_CrNzJ1_,K8vZ917rFO0,0
G5vzZ_u61Wq19,K8vZ917fBlV,0
G5vzZ_u61Wq19,K8vZ917C3G7,1
G5vzZ_u61Wq19,K8vZ917C2iV,2
Z7r9jZ1A7-ff8,K8vZ91736kf,0
Z7r9jZ1A7-yuO,K8vZ917G-K7,0
Z7r9jZ1A7JdjZ,K8vZ917rFO0,0
Z7r9jZ1A7JeuV,K8vZ917rxgf,0
Z7r9jZ1A7P0oM,K8vZ917fBlV,0
Z7r9jZ1A7P0oM,Z7r9jZ177PA-,1
Z7r9jZ1A7P0oM,K8vZ917C2iV,2
Z7r9jZ1A7x9Az,K8vZ9178YG7,0
G5vzZ_uawlK8v,K8vZ917ugK7,0
G5vzZ_uawlK8v,K8vZ9179hC0,1
Z7r9jZ1A70sAw,Z7r9jZa5z1,0
Z7r9jZ1A70sAw,K8vZ917GIHV,1
Z7r9jZ1A70sAw,K8vZ917GJa7,2
G5vzZ_Fnd44hW,K8vZ917LcY0,0
Z7r9jZ1A7xePp,K8vZ917f2N7,0
Z7r9jZ1A7xePp,K8vZ917QLi7,1
G5vzZ_2rWMCgb,K8vZ917Q5SV,0
G5vzZ_GSDT4G4,K8vZ917qBk7,0
G5vzZ_GSDT4G4,K8vZpaAlTe,1
G5vzZ_uJB7mUC,K8vZ91783f7,0
G5vzZ_uJB7mUC,K8vZ917CTaf,1
G5vzZ_uJB7mUC,K8vZ917Oc80,2
G5vzZ_uJB7mUC,K8vZ917jCIV,3
Z7r9jZ1A7Ppue,K8vZ917KFj0,0
Z7r9jZ1A7Ppue,Z7r9jZa2m3,1
Z7r9jZ1A7Pwoy,K8vZ91783f7,0
Z7r9jZ1A7Pwoy,K8vZ917CTaf,1
Z7r9jZ1A7Pwoy,K8vZ917jCIV,2
Z7r9jZ1A7Pwoy,K8vZ917Oc80,3
G5vzZbUrlFEoA,K8vZ9175WGV,0
Z7r9jZ1A70JGN,K8vZ9175gW7,0
Z7r9jZ1A70gjf,K8vZ917pZ90,0
Z7r9jZ1A7J__k,K8vZ91711SV,0
Z7r9jZ1A7J__k,K8vZ91718nV,1
16e0Z_aGfG7c-R-,K8vZ917GG6f,0
G5vzZ_ALltR_P,K8vZ917uhlV,0
G5vzZ_ALltR_P,K8vZ917Qca7,1
G5vzZ_G1hWlbw,K8vZ9171DHf,0
Z7r9jZ1A7-3fF,K8vZ917uhlV,0
Z7r9jZ1A7-3fF,K8vZ917Qca7,1
Z7r9jZ1A70oQf,K8vZ9179Hz0,0
Z7r9jZ1A7PdjN,K8vZ9171DHf,0
Z7r9jZ1A7xfCf,K8vZ917GG6f,0
Z7r9jZ1A7xZA8,K8vZ917rJpV,0
G5vzZ_Gl-tRPp,K8vZ917uZl7,0
G5vzZ_Gl-tRPp,K8vZ917_9N0,1
G5vzZ_u674Hrk,K8vZ917h210,0
G5vzZ_u674Hrk,K8vZ917KYRf,1
Z7r9jZ1A7-t0b,K8vZ9174Ylf,0
Z7r9jZ1A7qV_4,K8vZ9174_ef,0
rZ7HnEZ1Af7ao0,K8vZ9174_ef,0
rZ7HnEZ1AfJb0N,K8vZ9172FMV,0
rZ7HnEZ1Afap3f,K8vZ917j2Mf,0
rZ7HnEZ1AfJduN,K8vZ9175sMf,0
rZ7HnEZ1AfJduN,K8vZ9175BpV,1
rZ7HnEZ1AfJd_d,K8vZ9175sMf,0
rZ7HnEZ1AfJd_d,K8vZ9175BpV,1
rZ7HnEZ1AfJdxd,K8vZ9175sMf,0
rZ7HnEZ1AfJdxd,K8vZ9175BpV,1
rZ7HnEZ1AfJ7aS,K8vZ9175sMf,0
rZ7HnEZ1AfJ7aS,K8vZ9175BpV,1
Z7r9jZ1AAv8Fa,K8vZ917bf30,0
rZ7HnEZ1AfJd4K,K8vZ9175sMf,0
rZ7HnEZ1AfJd4K,K8vZ9175BpV,1
rZ7HnEZ1AfJd1K,K8vZ9175sMf,0
rZ7HnEZ1AfJd1K,K8vZ9175BpV,1
G5vzZ_5nMjjlm,K8vZ917rhZ7,0
G5vzZ_5nMjjlm,K8vZ917KoI0,1
G5vzZ_5nMjjlm,K8vZ917bbsf,2
G5vzZ_5nMjjlm,K8vZ917pHH7,3
G5vzZ_5nMjjlm,K8vZ917qIjV,4
G5vzZ_5nMjjlm,K8vZ917Qg6f,5
rZ7HnEZ1AfJdoK,K8vZ9175sMf,0
rZ7HnEZ1AfJdoK,K8vZ9175BpV,1
rZ7HnEZ1AfJdQK,K8vZ9175sMf,0
rZ7HnEZ1AfJdQK,K8vZ9175BpV,1
rZ7HnEZ1AfJd_N,K8vZ9175sMf,0
rZ7HnEZ1AfJd_N,K8vZ9175BpV,1
rZ7HnEZ1AfJdCK,K8vZ9175sMf,0
rZ7HnEZ1AfJdCK,K8vZ9175BpV,1
rZ7HnEZ1AfJ7aK,K8vZ9175sMf,0
rZ7HnEZ1AfJ7aK,K8vZ9175BpV,1
Z7r9jZ1A7-sxp,K8vZ917GRLf,0
Z7r9jZ1A7-sxp,K8vZ917GMwV,1
Z7r9jZ1A7-sxp,Z7r9jZa9Lq,2
G5vzZ_5MzhjYh,K8vZ917hcHf,0
G5vzZ_5MzhjYh,K8vZ917j_sf,1
G5vzZ_5MzhjYh,K8vZ917qDN7,2
G5vzZ_6lC9HUo,K8vZ917rdR7,0
G5vzZ_6lC9HUo,K8vZ917LaO0,1
G5vzZ_ejS7nIg,K8vZ917GJc7,0
G5vzZ_ejS7nIg,K8vZ917Kvt7,1
G5vzZ_ejS7nIg,K8vZ917QDEf,2
G5vzZ_uQXkhQK,K8vZ9174S6f,0
G5vzZ_uQXkhQK,K8vZ917_Uaf,1
G5vzZ_uQXkhQK,K8vZ917QyS7,2
G5vzZ_uQXkhQK,K8vZ917j0B7,3
Z7r9jZ1A70ovV,K8vZ917CMl0,0
Z7r9jZ1A70ovV,Z7r9jZa2gt,1
Z7r9jZ1A7O9_A,K8vZ917GJc7,0
Z7r9jZ1A7O9_A,Z7r9jZa3VM,1
Z7r9jZ1A7O9_A,Z7r9jZafKN,2
Z7r9jZ1A7PIZk,Z7r9jZaokR,0
Z7r9jZ1A7PIZk,K8vZ917_Uaf,1
Z7r9jZ1A7PIZk,Z7r9jZabv1,2
Z7r9jZ1A7PIZk,K8vZ917_-10,3
G5vzZbgrR4Vei,K8vZ9175WGV,0
Z7r9jZ1A70JGO,K8vZ9175gW7,0
Z7r9jZ1AAZt7J,K8vZ9175qbf,0
G5vzZ_51yBtAi,K8vZ9179Z80,0
G5vzZ_Arx3tGZ,K8vZ9171JGV,0
G5vzZ_Arx3tGZ,K8vZ917KxsV,1
G5vzZ_G1j0lqx,K8vZ9171DHf,0
G5vzZ_aK8GlLt,K8vZ917GG6f,0
G5vzZ_aK8GlLt,K8vZ917jbzV,1
G5vzZ_aK8GlLt,K8vZ917j9t0,2
G5vzZ_ueD5n6H,K8vZ9179Haf,0
G5vzZ_ueD5n6H,K8vZ917QbE7,1
Z7r9jZ1A7-73b,K8vZ917uZ6V,0
Z7r9jZ1A7-xPd,Z7r9jZa29w,0
Z7r9jZ1A70E0V,K8vZ9179Z80,0
Z7r9jZ1A7PdjY,K8vZ9171DHf,0
Z7r9jZ1A7xf-y,K8vZ917GG6f,0
Z7r9jZ1A7xf-y,Z7r9jZau6C,1
Z7r9jZ1A7xf-y,Z7r9jZa9J8,2
1AtZkfoGkdbXoHS,K8vZ917Qzc0,0
Z7r9jZ1AAZV4U,K8vZ917Qzc0,0
Z7r9jZ1A7-YvY,K8vZ917GEz0,0
rZ7HnEZ1AfJdjK,K8vZ9175sMf,0
rZ7HnEZ1AfJdjK,K8vZ9175BpV,1
rZ7HnEZ1AfJdod,K8vZ9175sMf,0
rZ7HnEZ1AfJdod,K8vZ9175BpV,1
rZ7HnEZ1AfJdxK,K8vZ9175sMf,0
rZ7HnEZ1AfJdxK,K8vZ9175BpV,1
rZ7HnEZ1AfJ7FS,K8vZ9175sMf,0
rZ7HnEZ1AfJ7FS,K8vZ9175BpV,1
rZ7HnEZ1AfJd4S,K8vZ9175sMf,0
rZ7HnEZ1AfJd4S,K8vZ9175BpV,1
rZ7HnEZ1AfJdbK,K8vZ9175sMf,0
rZ7HnEZ1AfJdbK,K8vZ9175BpV,1
G5vzZ_3BsZMNV,K8vZ91787I0,0
Z7r9jZ1A70JGI,K8vZ9175gW7,0
Z7r9jZ1AAZt7E,K8vZ9175qbf,0
rZ7HnEZ1AfJd3d,K8vZ9175sMf,0
rZ7HnEZ1AfJd3d,K8vZ9175BpV,1
rZ7HnEZ1AfJd8N,K8vZ9175sMf,0
rZ7HnEZ1AfJd8N,K8vZ9175BpV,1
rZ7HnEZ1AfJd8S,K8vZ9175sMf,0
rZ7HnEZ1AfJd8S,K8vZ9175BpV,1
rZ7HnEZ1AfJdoS,K8vZ9175sMf,0
rZ7HnEZ1AfJdoS,K8vZ9175BpV,1
rZ7HnEZ1AfJ7Gd,K8vZ9175sMf,0
rZ7HnEZ1AfJ7Gd,K8vZ9175BpV,1
1718v0G6uZSIO07,K8vZ917_Uaf,0
1718v0G6uZSIO07,K8vZ9174S6f,1
G5vzZ_29MUSGF,K8vZ917h1bf,0
G5vzZ_29MUSGF,K8vZ917jOj0,1
G5vzZ_29MUSGF,K8vZ917Lzt7,2
G5vzZ_3Bse6NT,K8vZ91787I0,0
G5vzZ_eDIy5UU,K8vZ917GJc7,0
G5vzZ_eDIy5UU,K8vZ917Kvt7,1
G5vzZ_eDIy5UU,K8vZ917QDEf,2
G5vzZ_o625GK9,K8vZ917Qs90,0
G5vzZ_o625GK9,K8vZ917qMpV,1
Z7r9jZ1A7Ox8I,K8vZ917GJc7,0
Z7r9jZ1A7Ox8I,Z7r9jZa3VM,1
Z7r9jZ1A7Ox8I,Z7r9jZafKN,2
Z7r9jZ1AAZgfK,K8vZ917Qs90,0
Z7r9jZ1AAZgfK,K8vZ917qMpV,1
Z7r9jZ1A7-Mjs,K8vZ9173vmf,0
Z7r9jZ1A7Joq9,K8vZ917G2Sf,0
Z7r9jZ1A7Joq9,Z7r9jZ177Jk_,1
G5vzZ_G1qYDID,K8vZ9171DHf,0
Z7r9jZ1A70P8z,K8vZ917jscf,0
Z7r9jZ1A7PI-Z,K8vZ9179Haf,0
Z7r9jZ1A7PdjV,K8vZ9171DHf,0
Z7r9jZ1A7Pw4E,K8vZ917G7s7,0
Z7r9jZ1A7Pw4E,Z7r9jZa9xX,1
Z7r9jZ1A7x37J,K8vZ917uKn7,0
G5vzZ_7R2-ywq,K8vZ91758b7,0
G5vzZ_7R2-ywq,K8vZ9171cz7,1
G5vzZ_7R2-ywq,K8vZ917oBVf,2
G5vzZ_7R2-ywq,K8vZ917hayV,3
G5vzZ_A6FuGXx,K8vZ91758b7,0
G5vzZ_A6FuGXx,K8vZ917b-Of,1
G5vzZ_5MM8Go3,K8vZ917hTXf,0
G5vzZ_5MM8Go3,K8vZ917La_f,1
G5vzZ_5MM8Go3,K8vZ917-bA7,2
1718v0G6CzaYoLZ,K8vZ917GYcV,0
1718v0G6CzaYoLZ,K8vZ9174E07,1
Z7r9jZ1A7J3C7,K8vZ917GYcV,0
Z7r9jZ1A7J3C7,K8vZ9174E07,1
Z7r9jZ1A7xZ8I,K8vZ9173vmf,0
Z7r9jZ1A7xZ8I,Z7r9jZa9mG,1
G5vzZ_1RSWcLq,K8vZ917Q190,0
G5vzZ_1RSWcLq,K8vZ917QzOf,1
G5vzZ_1RSWcLq,K8vZ917QmlV,2
Z7r9jZ1A70bO4,Z7r9jZaoKx,0
Z7r9jZ1A70bO4,Z7r9jZauXJ,1
Z7r9jZ1A70bO4,Z7r9jZaKmX,2
G5vzZ_2Me3WTy,K8vZ917hZD7,0
G5vzZ_2Me3WTy,K8vZ917br-7,1
G5vzZ_2Me3WTy,K8vZ917oCy7,2
G5vzZ_2Me3WTy,K8vZ917qXn7,3
G5vzZ_2kHujy7,K8vZ917rsCf,0
G5vzZ_2kHujy7,K8vZ917LJ67,1
G5vzZ_FMIhXUB,K8vZ9175Kbf,0
G5vzZ_FMIhXUB,K8vZ917ou80,1
G5vzZ_FMIhXUB,K8vZ917b_LV,2
Z7r9jZ1A703f-,K8vZ917GmQ7,0
Z7r9jZ1A703f-,K8vZ9171hyf,1
Z7r9jZ1A703f-,K8vZ917KsnV,2
Z7r9jZ1A7Pw4I,K8vZ91744L7,0
Z7r9jZ1A7Pw4I,K8vZ917uOx7,1
Z7r9jZ1A7xaOP,K8vZ9175Kbf,0
Z7r9jZ1A7xaOP,K8vZ917ou80,1
Z7r9jZ1A7xaOP,K8vZ917b_LV,2
G5vzZ_5RwJ9Bi,K8vZ9179FZ7,0
G5vzZ_arnbGNs,K8vZ91714U7,0
G5vzZ_arnbGNs,K8vZ917pxY7,1
Z7r9jZ1A708vY,K8vZ917pQx0,0
Z7r9jZ1A70zqZ,K8vZ9179FZ7,0
G5vzZ_89p7wF0,K8vZ91792L7,0
G5vzZ_89p7wF0,K8vZ9179w0f,1
G5vzZby1J_pso,K8vZ917jU5V,0
G5vzZby1J_pso,K8vZ917_-9V,1
Z7r9jZ1A7PIOb,K8vZ917_bOV,0
Z7r9jZ1A7PIOb,K8vZ917hvZV,1
Z7r9jZ1A7PwJo,K8vZ917rJY7,0
Z7r9jZ1A7Pd-A,K8vZ917oBNV,0
Z7r9jZ1A7Pd-A,Z7r9jZapP6,1
Z7r9jZ1A7xaF0,K8vZ917phpV,0
G5vzZ_aLgdiAh,K8vZ9175_f0,0
G5vzZ_aLgdiAh,K8vZfZ7tA7k,1
G5vzZ_aLgdiAh,K8vZ9171_I7,2
G5vzZ_aLgdiAh,K8vZ917_9Uf,3
G5vzZ_aLgdiAh,K8vZ917LBGf,4
G5vzZ_1Yp7NXE,K8vZ9172T9V,0
G5vzZ_1Yp7NXE,K8vZ917jnV7,1
G5vzZ_2mOMn-u,K8vZ917pH_f,0
Z7r9jZ1A707f6,K8vZ917GnaV,0
Z7r9jZ1A707f6,K8vZ917uVr7,1
Z7r9jZ1AAZPFU,K8vZ9175gW7,0
1718v0G61KGkxFp,K8vZ917u6hV,0
1718v0G61KGkxFp,K8vZ91780bf,1
G5vzZ_7EQzETC,K8vZ917_m_f,0
G5vzZ_7EQzETC,K8vZ917b-Of,1
G5vzZ_7KhKbth,K8vZ917_m_f,0
G5vzZ_aafXsLP,K8vZ9171fvf,0
Z7r9jZ1A70Kep,K8vZ917plY0,0
Z7r9jZ1A70Kep,Z7r9jZa42e,1
Z7r9jZ1A70to_,Z7r9jZa58-,0
Z7r9jZ1A7xfF6,K8vZ9171fvf,0
Z7r9jZ1AAvkqS,K8vZ9171iM0,0
Z7r9jZ1AAvkqS,K8vZ917h730,1
Z7r9jZ1AAvkqS,Z7r9jZap2n,2
Z7r9jZ1A7P4x8,K8vZ917h7Qf,0
G5vzZ_CbbFWQs,K8vZ917qxef,0
G5vzZ_CbbFWQs,K8vZ917q73f,1
G5vzZ_CbbFWQs,K8vZ9179qk0,2
G5vzZ_2rEvl25,K8vZ917b-Of,0
G5vzZ_2rEvl25,K8vZ91718zf,1
G5vzZ_1rlQBjv,K8vZ917qeFV,0
G5vzZ_1rlQBjv,K8vZ917jnRf,1
G5vzZ_1rlQBjv,K8vZ917hxif,2
Z7r9jZ1A7-Ibk,K8vZ917h7Qf,0
G5vzZ_59r6WFq,K8vZ917CoJ7,0
G5vzZ_G6Jflr4,K8vZ917rzDV,0
G5vzZ_G6Jflr4,K8vZ917j-FV,1
Z7r9jZ1AAZIJ8,K8vZ9175qbf,0
G5vzZ_8DG6AAf,K8vZ917rO9f,0
G5vzZ_o3RSGhw,K8vZ9172uG0,0
Z7r9jZ1A70K7o,K8vZ917plY0,0
Z7r9jZ1A70K7o,Z7r9jZa42e,1
Z7r9jZ1A70Uv_,K8vZ917hfqV,0
Z7r9jZ1A70Uv_,Z7r9jZapFe,1
Z7r9jZ1AAZzjI,Z7r9jZa2Xq,0
rZ7HnEZ1AfxfvN,K8vZ917GniV,0
Z7r9jZ1A7-3b9,K8vZ9172J0V,0
rZ7HnEZ1A4Ze_S,K8vZ917oEFV,0
rZ7HnEZ1AfJ8aS,K8vZ917hTS7,0
G5vzZ_5hAiD6f,K8vZ917rmt7,0
G5vzZ_5hAiD6f,K8vZpZAFI7tk,1
G5vzZ_FhK6iyx,K8vZ9179bO7,0
G5vzZ_FhK6iyx,K8vZ917jq00,1
Z7r9jZ1A70Yu6,K8vZ9172rR0,0
Z7r9jZ1A70v8p,K8vZ917Qm5f,0
Z7r9jZ1A70v8p,Z7r9jZa94F,1
Z7r9jZ1A7P6Oz,K8vZ917Q430,0
Z7r9jZ1A7P6Oz,K8vZ917uuy7,1
G5vzZ_o1lTic2,K8vZ917bx2V,0
G5vzZ_o1lTic2,K8vZ917CAvV,1
Z7r9jZ1A70oGA,K8vZ9175gW7,0
Z7r9jZ1A70oGA,K8vZ9171bdf,1
Z7r9jZ1AAZ8oo,K8vZ917ohff,0
Z7r9jZ1AAZIJp,K8vZ9175qbf,0
G5vzZ_kloeDdU,K8vZ917pZ37,0
Z7r9jZ1A7-Uab,K8vZ9171Q67,0
Z7r9jZ1A7-Uab,Z7r9jZ177K3v,1
Z7r9jZ1A7P8Gv,K8vZ917hFyV,0
Z7r9jZ1A7PtAv,K8vZ917Kk20,0
G5vzZ_8pWTCut,K8vZ917bVXV,0
Z7r9jZ1A7008M,K8vZ917hxu7,0
G5vzZ_36IbrcC,K8vZ917rf20,0
Z7r9jZ1AAv47A,K8vZ917rf20,0
G5vzZbVFcBJxK,K8vZ9179TA0,0
Z7r9jZ1A70Yut,K8vZ9172rR0,0
G5vzZ_7QYPzqT,K8vZ9174D90,0
G5vzZ_GF5Mbkm,K8vZ9175mMf,0
Z7r9jZ1A70EFe,K8vZ917hfg7,0
Z7r9jZ1A70EFe,Z7r9jZa8UX,1
Z7r9jZ1A70EFe,Z7r9jZ177o_s,2
Z7r9jZ1A70bob,K8vZ91719PV,0
Z7r9jZ1A7P7O-,K8vZ9175mMf,0
G5vzZ_GE8FcjX,K8vZ917hT4f,0
G5vzZ_GE8FcjX,K8vZ917rUWf,1
G5vzZ_GE8FcjX,K8vZ917K247,2
G5vzZ_GE8FcjX,K8vZ9179FS7,3
G5vzZ_oErexoH,K8vZ917bx2V,0
G5vzZ_oErexoH,K8vZ917pamf,1
Z7r9jZ1A7JAPo,K8vZ9172De0,0
Z7r9jZ1A7JAPo,K8vZ9179M9V,1
Z7r9jZ1A7JAPo,Z7r9jZaoZw,2
G5vzZbgcJKvfR,K8vZ917184V,0
G5vzZbgcJKvfR,K8vZ917b-Of,1
G5vzZbgelzpIK,K8vZ917184V,0
G5vzZ_uxPTnpZ,K8vZ9179Gff,0
G5vzZ_uxPTnpZ,K8vZ917bcQ0,1
Z7r9jZ1A7PY-M,Z7r9jZa2DS,0
Z7r9jZ1A7PY-M,Z7r9jZa9hO,1
G5vzZ_ahIYrEK,K8vZ917p3V0,0
G5vzZ_ahIYrEK,K8vZ917h94f,1
G5vzZ_ahIYrEK,K8vZ917rCU7,2
1718v0G6G5xPYEA,K8vZ9174zGf,0
1718v0G6G5xPYEA,K8vZ9179Yn7,1
1718v0G6G5xPYEA,K8vZ917_3C7,2
G5vzZ_G2VU7xw,K8vZ917p1D7,0
G5vzZ_G2VU7xw,K8vZ9171uUV,1
G5vzZ_G2VU7xw,K8vZ917h9l0,2
G5vzZ_GnEnB_r,K8vZ917bo2V,0
G5vzZ_GnEnB_r,K8vZ917qSSf,1
Z7r9jZ1A704Cb,K8vZ9179dNV,0
Z7r9jZ1A704Cb,Z7r9jZaoZe,1
Z7r9jZ1A7P0bF,K8vZ917_U4V,0
Z7r9jZ1A7P0bF,K8vZ917_wNV,1
Z7r9jZ1A7Pd_v,Z7r9jZa86Q,0
Z7r9jZ1A7Pd_v,K8vZ9179Yn7,1
Z7r9jZ1A7-J4N,K8vZ917K5F0,0
Z7r9jZ1A7J3aJ,K8vZ9171fZ7,0
Z7r9jZ1A7J3aJ,K8vZ9171Kff,1
G5vzZ_uJyvrc2,K8vZ917hBlV,0
Z7r9jZ1A7P87y,K8vZ917rAS0,0
Z7r9jZ1A7Pwoz,K8vZ917hBlV,0
Z7r9jZ1AAZYfe,K8vZ917q8T7,0
G5vzZ_53DJina,K8vZ917Q4fV,0
G5vzZ_53DJina,K8vZpZAAlEvk,1
G5vzZ_GmORafl,K8vZ917bx2V,0
G5vzZ_GmORafl,K8vZ917Q4fV,1
G5vzZ_57LXLxv,K8vZ917hvE7,0
Z7r9jZ1A7PEfw,K8vZ917_mB0,0
Z7r9jZ1A7PEfw,K8vZ917bg5f,1
Z7r9jZ1A7PEfw,Z7r9jZ177_AM,2
G5vzZbgcthvQR,K8vZ917184V,0
G5vzZbgcthvQR,K8vZ917b-Of,1
G5vzZbgelyUI4,K8vZ917184V,0
1718v0G6C0kHoe2,K8vZ917549f,0
1718v0G6C0kHoe2,K8vZ9171_B7,1
1718v0G6C0kHoe2,K8vZ917uuwV,2
Z7r9jZ1A7POPJ,K8vZ917Q47f,0
Z7r9jZ1A7POPJ,Z7r9jZa8Hp,1
Z7r9jZ1A7POPJ,Z7r9jZap1d,2
Z7r9jZ1AAZY0t,K8vZ917q8T7,0
Z7r9jZ1AAZkA8,K8vZ917rk8V,0
Z7r9jZ1AAZkA8,Z7r9jZauL_,1
G5vzZ_6EL1qAN,K8vZ917bx2V,0
G5vzZ_6EL1qAN,K8vZ917qzaV,1
Z7r9jZ1A7-ZPS,K8vZ917QpKf,0
G5vzZ_1NhU2ZS,K8vZ917jck0,0
G5vzZ_1NhU2ZS,K8vZ917C5W7,1
G5vzZ_abnv69d,K8vZ917hN57,0
G5vzZ_abnv69d,K8vZ917jKtf,1
Z7r9jZ1AAZeb3,K8vZ917ugvf,0
Z7r9jZ1AAZeb3,Z7r9jZa2y8,1
G5vzZ_FBGVp_B,K8vZ917bx2V,0
G5vzZ_FBGVp_B,K8vZ917hXy0,1
G5vzZbSEFO0An,K8vZ9173TJf,0
G5vzZbSEFO0An,K8vZ917_glV,1
G5vzZbgrLqdZZ,K8vZ9173TJf,0
G5vzZbgrLqdZZ,K8vZ917b-Of,1
1718v0G62YaYONx,K8vZ917pkvV,0
Z7r9jZ1A7-777,K8vZ9175Izf,0
Z7r9jZ1A7-777,Z7r9jZab3l,1
Z7r9jZ1A70pQZ,K8vZ9175eD7,0
G5vzZ_1UAoA-a,K8vZ917Kom7,0
Z7r9jZ1A70Uat,K8vZ9172ZR7,0
G5vzZ_5R0AgZl,K8vZ917bZg0,0
G5vzZ_1TPDx3M,K8vZ9175hbf,0
G5vzZ_1TPDx3M,K8vZ91750of,1
G5vzZ_1TPDx3M,K8vZ917C9cV,2
G5vzZ_1TPDx3M,K8vZ917_Qb0,3
G5vzZ_1TPDx3M,K8vZ917CQzf,4
Z7r9jZ1A7-Fp3,K8vZ917QpKf,0
G5vzZ_Gm-Ytqf,K8vZ9173Z60,0
G5vzZ_Gm-Ytqf,K8vZ917LagV,1
G5vzZ_Gm-Ytqf,K8vZ9174UmV,2
G5vzZ_aRwZ6bz,K8vZ917jmEV,0
G5vzZ_aRwZ6bz,K8vZ917hsvV,1
Z7r9jZ1AAvd44,Z7r9jZa6IT,0
Z7r9jZ1AAvd44,Z7r9jZad2d,1
Z7r9jZ1A70JGy,K8vZ9175gW7,0
G5vzZ_CBUMnhu,K8vZ917GvGV,0
G5vzZ_CBUMnhu,K8vZ917ofF7,1
G5vzZ_CBUMnhu,K8vZ917jBVV,2
G5vzZ_GJxAa5w,K8vZ917u12V,0
G5vzZ_GJxAa5w,K8vZfZ7tl6k,1
G5vzZ_GJxAa5w,K8vZ9179FLV,2
Z7r9jZ1A7-YjN,K8vZ917hdF7,0
Z7r9jZ1A708bY,K8vZ917Glh0,0
Z7r9jZ1A708bY,Z7r9jZabA5,1
Z7r9jZ1A7J3Cf,K8vZ917GvGV,0
Z7r9jZ1A7J3Cf,Z7r9jZaozP,1
Z7r9jZ1A7J3Cf,Z7r9jZab2B,2
Z7r9jZ1A7J__6,K8vZ9171a70,0
Z7r9jZ1A7PKu_,K8vZ917u12V,0
Z7r9jZ1A7PKu_,Z7r9jZa3hI,1
Z7r9jZ1A7PKu_,Z7r9jZa1uo,2
Z7r9jZ1A7x63K,K8vZ917K270,0
Z7r9jZ1A74pvg,K8vZ9175_Q7,0
Z7r9jZ1A74pvg,K8vZ917qvd0,1
G5vzZ_1BuhJa-,K8vZ917oE6V,0
rZ7HnEZ1Af1bAf,K8vZ917_xX0,0
G5vzZ_1K5p2ms,K8vZ917jpDf,0
G5vzZ_1K5p2ms,K8vZ917GA9V,1
G5vzZ_1K5p2ms,K8vZ917jKyV,2
G5vzZ_1K5p2ms,K8vZ917q4s0,3
G5vzZ_GnhOzzk,K8vZ917Gmh7,0
G5vzZ_GnhOzzk,K8vZ917fqi0,1
G5vzZ_GnhOzzk,K8vZ917LtFV,2
Z7r9jZ1A70o79,K8vZ917jpDf,0
Z7r9jZ1A70o79,K8vZ917GA9V,1
Z7r9jZ1A70o79,K8vZ917jKyV,2
Z7r9jZ1A70o79,K8vZ917q4s0,3
G5vzZ_1mFtPxL,K8vZ917bx2V,0
G5vzZ_1mFtPxL,K8vZ9173Fa0,1
G5vzZ_1mFtPxL,K8vZ917fs_7,2
G5vzZ_uawmS8G,K8vZ917qXN7,0
G5vzZ_uawmS8G,K8vZ917rCLV,1
G5vzZ_uawmS8G,K8vZ917rFfV,2
G5vzZ_A1UBhDH,K8vZ917f5O0,0
G5vzZ_uiwbd5z,K8vZ9171Inf,0
G5vzZ_uiwbd5z,K8vZ917r8YV,1
G5vzZ_uiwbd5z,K8vZpZA6l7Fk,2
Z7r9jZ1A70Juk,K8vZ9175gW7,0
G5vzZ_GIuN6lu,K8vZ917fGx0,0
Z7r9jZ1A7-P_t,K8vZ917C5pf,0
Z7r9jZ1A7P4bf,K8vZ917fGx0,0
Z7r9jZ1A7PSGo,K8vZ917K270,0
Z7r9jZ1A7PSGo,Z7r9jZabGa,1
Z7r9jZ1A7Pe_e,K8vZ917_EBV,0
Z7r9jZ1A7Pe_e,Z7r9jZ177baY,1
Z7r9jZ1A7Pojd,K8vZ917jbOf,0
Z7r9jZ1A7Pojd,K8vZ917jY7V,1
Z7r9jZ1A7JfoJ,K8vZ9171BM0,0
Z7r9jZ1A70tuK,K8vZ917_Uvf,0
rZ7HnEZ1Af1Zff,K8vZ917GHBf,0
rZ7HnEZ1A4ZsAK,K8vZ917Q71f,0
Z7r9jZ1A70JGb,K8vZ9175gW7,0
G5vzZ_1RMFui5,K8vZ917u_4V,0
G5vzZ_1RMFui5,K8vZ917hL9V,1
G5vzZ_1RMFui5,K8vZ917QOE0,2
G5vzZ_1RMFui5,K8vZ917bkn0,3
G5vzZ_1RMFui5,K8vZ917_9wf,4
G5vzZ_1RMFui5,K8vZ917fCmf,5
G5vzZ_1RMFui5,K8vZ917rMm7,6
Z7r9jZ1A70bOb,K8vZ917u_4V,0
Z7r9jZ1A70bOb,Z7r9jZa4UU,1
Z7r9jZ1A70bOb,K8vZ917fCmf,2
Z7r9jZ1A70bOb,Z7r9jZa8u_,3
Z7r9jZ1A70bOb,K8vZ917_9wf,4
Z7r9jZ1A70bOb,K8vZ917QOE0,5
Z7r9jZ1A70bOb,Z7r9jZ177-Ff,6
G5vzZ_68n5wsb,K8vZfZ7aEAk,0
G5vzZ_68n5wsb,K8vZ917rQY7,1
G5vzZ_CrYw9u2,K8vZ9179nCf,0
Z7r9jZ1A7Jdxb,K8vZ9179nCf,0
rZ7HnEZ1AfF7aV,K8vZ91739H0,0
1718v0G61YF3YlL,K8vZ917_Uvf,0
1718v0G61YF3YlL,K8vZ917_Sdf,1
Z7r9jZ1A70Ou8,K8vZ917_Uvf,0
Z7r9jZ1A70Ou8,Z7r9jZa8sh,1
Z7r9jZ1A7JffK,K8vZ9171BM0,0
Z7r9jZ1A7OaqP,K8vZ917Gt8f,0
Z7r9jZ1A7OaqP,K8vZ9179uXV,1
Z7r9jZ1A7PobE,K8vZ917jb-V,0
Z7r9jZ1A7PtuV,K8vZ917QRNV,0
G5vzZ_66l0lLD,K8vZ9171zy0,0
G5vzZ_66l0lLD,K8vZ9171Q9V,1
G5vzZ_o27er8C,K8vZ9179fGf,0
Z7r9jZ1A7-YAV,K8vZ9171zy0,0
Z7r9jZ1A7-YAV,K8vZ9171Q9V,1
Z7r9jZ1A7Pd-0,K8vZ917hgj0,0
Z7r9jZ1A7Pd-0,Z7r9jZa2U2,1
Z7r9jZ1A7PK4I,K8vZ917jb-V,0
Z7r9jZ1AAZp7F,K8vZ9171tif,0
Z7r9jZ1AAZp7F,K8vZ9171WjV,1
G5vzZ_5UJg2J7,K8vZ917qk80,0
G5vzZ_5UJg2J7,K8vZ9174y1f,1
G5vzZ_5UJg2J7,K8vZ917rCn7,2
Z7r9jZ1A7JK_0,K8vZ91728E7,0
Z7r9jZ1A7JK_0,K8vZ917GFt0,1
Z7r9jZ1A7JK_0,Z7r9jZ177Ov_,2
G5vzZ_1Lx2mgd,K8vZ91719-0,0
G5vzZ_1Lx2mgd,K8vZ91713g7,1
G5vzZ_23ahg4g,K8vZ917uBN0,0
G5vzZ_23ahg4g,K8vZ917ppSf,1
G5vzZ_23ahg4g,K8vZ9179WlV,2
G5vzZ_23ahg4g,K8vZ917Lvkf,3
G5vzZ_23ahg4g,K8vZ917LF_0,4
G5vzZ_23ahg4g,K8vZ917_ND7,5
Z7r9jZ1A70A7o,K8vZ917f2P7,0
Z7r9jZ1A70A7o,K8vZ9174VAf,1
Z7r9jZ1A70A7o,K8vZ917jjM7,2
G5vzZ_1KA-2Fh,K8vZ9172Ca0,0
G5vzZ_1KA-2Fh,K8vZ917b-Of,1
G5vzZ_51W4ap1,K8vZ9172KMV,0
G5vzZ_51W4ap1,K8vZ917G1af,1
G5vzZ_51W4ap1,K8vZ917KE7V,2
G5vzZ_51W4ap1,K8vZ917qSf0,3
G5vzZ_aNxsyvN,K8vZ9172Ca0,0
G5vzZ_aNxsyvN,K8vZ917_gff,1
Z7r9jZ1A70IAZ,Z7r9jZauiE,0
Z7r9jZ1A70IAZ,K8vZ917G1af,1
Z7r9jZ1A70IAZ,K8vZ917KE7V,2
Z7r9jZ1A70IAZ,Z7r9jZ177aj0,3
G5vzZ_1B7dg8c,K8vZ917G6p0,0
G5vzZ_5SF0Tm_,K8vZ917Cpd0,0
G5vzZ_5SF0Tm_,K8vZ917Ozd7,1
G5vzZ_5SF0Tm_,K8vZ917u8G7,2
G5vzZ_o1_Cakj,K8vZ917bx2V,0
G5vzZ_o1_Cakj,K8vZ917Cpd0,1
Z7r9jZ1A70gq4,K8vZ9175lu0,0
Z7r9jZ1A70gq4,Z7r9jZauiX,1
Z7r9jZ1A7P_7M,K8vZ9179bUV,0
G5vzZ_5wI2lzG,K8vZ9175CR7,0
G5vzZ_5wI2lzG,K8vZ917CKc0,1
G5vzZ_5wI2lzG,K8vZ917CJN7,2
G5vzZ_2Nm7d8h,K8vZ917_rVf,0
G5vzZ_2Nm7d8h,K8vZ917_sn7,1
G5vzZ_2Nm7d8h,K8vZ917Qtd7,2
G5vzZ_aRQ0Ogf,K8vZ91755X0,0
G5vzZ_aRQ0Ogf,K8vZ9171whV,1
G5vzZ_aRQ0Ogf,K8vZ9175uh0,2
Z7r9jZ1A707f8,K8vZ91755X0,0
Z7r9jZ1A707f8,K8vZ9171whV,1
Z7r9jZ1A707f8,K8vZ9175uh0,2
Z7r9jZ1A70tee,K8vZ917fJzf,0
Z7r9jZ1A70tee,K8vZ917GmS0,1
Z7r9jZ1A70tee,Z7r9jZaKJk,2
Z7r9jZ1A70tee,Z7r9jZabZ1,3
1k18vPvsGACaout,K8vZ917uEc0,0
G5vzZ_8pfaF8s,K8vZ917fQm7,0
G5vzZ_aUNKGmh,K8vZ917GFf7,0
G5vzZ_uQBm5k3,K8vZ917KCe7,0
Z7r9jZ1A70gjK,K8vZ91725VV,0
Z7r9jZ1A70gjK,Z7r9jZa3fl,1
Z7r9jZ1A7xZ8M,K8vZ917CsP0,0
G5vzZ_G2qoRVY,K8vZ917rjYV,0
G5vzZ_G2qoRVY,K8vZ917r7mV,1
G5vzZ_CUUYFBh,K8vZ917jmJ7,0
Z7r9jZ1A7Pa_Z,K8vZ917b3lf,0
Z7r9jZ1A7Pa_Z,K8vZ917j9bf,1
Z7r9jZ1A7Pa_Z,K8vZ917j3R7,2
G5vzZ_FJwkQO8,K8vZ917qo40,0
G5vzZ_FJwkQO8,K8vZ917b-Of,1
G5vzZ_FaeF77B,K8vZ917qo40,0
G5vzZ_5XIIUNB,K8vZ917h4_V,0
Z7r9jZ1A709oK,K8vZ9171nkV,0
Z7r9jZ1A709oK,K8vZ9171r_0,1
Z7r9jZ1A70KuN,K8vZ917GFf7,0
Z7r9jZ1A70oe_,K8vZ9175Fp7,0
Z7r9jZ1A70yZa,K8vZ9172gl0,0
Z7r9jZ1A70yZa,K8vZ91712Z0,1
Z7r9jZ1A7P-G9,K8vZ9171C-f,0
Z7r9jZ1A7PeGZ,K8vZ917h4_V,0
G5vzZ_CxZEN2g,K8vZ9175xa0,0
G5vzZ_FNp3rmK,K8vZ917_xcf,0
G5vzZ_FNp3rmK,K8vZ917LthV,1
G5vzZ_1Ry3cSR,K8vZ917uBYV,0
G5vzZ_ALJJrP0,K8vZ917bx2V,0
G5vzZ_ALJJrP0,K8vZ917uwA7,1
G5vzZ_GSE5-Op,K8vZ917j3q7,0
G5vzZ_GSE5-Op,K8vZ917q2cV,1
Z7r9jZ1A70b-e,K8vZ917uBYV,0
Z7r9jZ1A7PtvS,K8vZ917KAif,0
Z7r9jZ1A7PtvS,K8vZ917Kd5V,1
Z7r9jZ1A70JG_,K8vZ917bVAV,0
Z7r9jZ1A70JG_,K8vZ9175gW7,1
Z7r9jZ1A7JkOb,K8vZ9171hOf,0
Z7r9jZ1A7JkOb,Z7r9jZ177PC3,1
G5vzZ_6tcu3Kj,K8vZ917Ku7V,0
G5vzZ_6tcu3Kj,K8vZ917_0_7,1
G5vzZ_oZTNzPt,K8vZ9174BvV,0
G5vzZ_unCmBCk,K8vZ9179jZf,0
Z7r9jZ1A7-Mug,K8vZ917Ku7V,0
Z7r9jZ1A7-Mug,K8vZ917_0_7,1
Z7r9jZ1A7PSGs,Z7r9jZaooE,0
Z7r9jZ1A7PtJF,K8vZ917uDh0,0
Z7r9jZ1A7PtaE,K8vZ917uwE0,0
Z7r9jZ1AAZ9fe,K8vZ917oaof,0
rZ7HnEZ1Afk_Gf,K8vZ9171Bjf,0
rZ7HnEZ1AfaOef,K8vZ917CgJf,0
G5vzZ_Cn-_kE0,K8vZ9173uP7,0
G5vzZ_6Vx7m8y,K8vZ917LtdV,0
G5vzZ_ukgLnBZ,K8vZ917fxJV,0
G5vzZ_ukgLnBZ,K8vZ917hZAV,1
G5vzZ_ukgLnBZ,K8vZ917_PRf,2
Z7r9jZ1A7JkO_,K8vZ9171hOf,0
Z7r9jZ1A7JkO_,Z7r9jZ177PC3,1
G5vzZ_C1Y-hJs,K8vZ9172yfV,0
G5vzZ_eBjVEp6,K8vZ917bx2V,0
G5vzZ_eBjVEp6,K8vZ917uwA7,1
Z7r9jZ1A7qf4V,K8vZ917G18V,0
Z7r9jZ1A70JuE,K8vZ917bVAV,0
Z7r9jZ1A70JuE,K8vZ9175gW7,1
G5vzZ_1RBKWUD,K8vZ917uBYV,0
G5vzZ_6tcJe45,K8vZ917Ku7V,0
G5vzZ_6tcJe45,K8vZ917_0_7,1
G5vzZ_CBNtI2B,K8vZ917_qT0,0
G5vzZ_CBNtI2B,K8vZ917_qTV,1
Z7r9jZ1A7-MuU,K8vZ917Ku7V,0
Z7r9jZ1A7-MuU,K8vZ917_0_7,1
Z7r9jZ1A7-z8p,K8vZ9175960,0
Z7r9jZ1A70Zo7,K8vZ9172hT0,0
Z7r9jZ1A70Zo7,Z7r9jZ177_Gt,1
Z7r9jZ1A70b-8,K8vZ917uBYV,0
Z7r9jZ1A70tfo,Z7r9jZaaLf,0
Z7r9jZ1A70tfo,Z7r9jZa9Qo,1
Z7r9jZ1A70tfo,Z7r9jZ177xfO,2
Z7r9jZ1A7J3kZ,K8vZ917_qT0,0
Z7r9jZ1A7J3kZ,K8vZ917_qTV,1
Z7r9jZ1A7PtaI,K8vZ917uwE0,0
Z7r9jZ1A7PtaI,Z7r9jZ177x-P,1
Z7r9jZ1A7xZ-_,K8vZ917b0e7,0
Z7r9jZ1A7xZ-_,K8vZ9179oNV,1
rZ7HnEZ1Afk_1f,K8vZ9171Bjf,0
rZ7HnEZ1Af0kqK,K8vZ917p4Lf,0
G5vzZ_A1rT_u5,K8vZ917G18V,0
G5vzZ_Amqia8M,K8vZ9171zxV,0
G5vzZ_Amqia8M,K8vZ9173ysf,1
G5vzZ_Amqia8M,K8vZ9171nXf,2
G5vzZ_Gb8hBSI,K8vZ917h2s0,0
G5vzZ_Gb8hBSI,K8vZ917q8NV,1
G5vzZ_kC086ii,K8vZ9171zxV,0
G5vzZ_kC086ii,K8vZ917b-Of,1
G5vzZ_kwcEtZT,K8vZ917p5tf,0
G5vzZ_8Mppg4O,K8vZ917_qT0,0
G5vzZ_8Mppg4O,K8vZ917_qTV,1
Z7r9jZ1A70o8w,K8vZ9172hT0,0
Z7r9jZ1A7xZGt,K8vZ917b0e7,0
Z7r9jZ1A7xZGt,K8vZ9179oNV,1
Z7r9jZ1AAZA1b,K8vZ917G9S7,0
Z7r9jZ1AAZA1b,Z7r9jZ177kbx,1
Z7r9jZ1AAZsox,K8vZ917_qT0,0
Z7r9jZ1AAZsox,K8vZ917_qTV,1
G5vzZ_5wf6bVp,K8vZ917GEo7,0
G5vzZ_5wf6bVp,K8vZ917GCPf,1
G5vzZ_5wf6bVp,K8vZ917GDzV,2
G5vzZ_5wf6bVp,K8vZ917j5Hf,3
G5vzZ_5wf6bVp,K8vZ917qHhV,4
Z7r9jZ1A7Ow08,K8vZ9175zn0,0
Z7r9jZ1A7Ow08,K8vZ917um57,1
G5vzZ_G5e32h3,K8vZ917KN9V,0
G5vzZ_G5e32h3,K8vZ917oh_f,1
G5vzZ_GJKMMKe,K8vZ917KN9V,0
G5vzZ_GJKMMKe,K8vZ917b-Of,1
Z7r9jZ1A7PgOY,K8vZ9172Xdf,0
G5vzZ_8l6zCom,K8vZ917hZR0,0
Z7r9jZ1A70tup,Z7r9jZa2t2,0
Z7r9jZ1A70tup,Z7r9jZ177-At,1
Z7r9jZ1AAZPro,K8vZ917hZR0,0
G5vzZ_2kTaqf3,K8vZ917oc1f,0
G5vzZ_2kTaqf3,K8vZ917_rHf,1
G5vzZ_6jfPm25,K8vZ917bzof,0
G5vzZ_6jfPm25,K8vZ917Lqk7,1
Z7r9jZ1A7Ow0o,K8vZ9175zn0,0
Z7r9jZ1A7Ow0o,K8vZ917um57,1
G5vzZ_G21irC_,K8vZ91749z0,0
Z7r9jZ1A70Zf8,K8vZ917KbJV,0
G5vzZ_8MO4FjK,K8vZ917_387,0
G5vzZ_8MO4FjK,K8vZ917r6t0,1
Z7r9jZ1A70bqs,K8vZ91798A0,0
Z7r9jZ1A70444,K8vZ917f2G7,0
Z7r9jZ1A70444,K8vZ917h4cV,1
G5vzZ_ueW6Qo9,K8vZ917GdF7,0
G5vzZ_ueW6Qo9,K8vZ9175TaV,1
G5vzZ_ueW6Qo9,K8vZ9174m00,2
G5vzZ_ANTyPQt,K8vZ917bx2V,0
G5vzZ_ANTyPQt,K8vZ917u6NV,1
G5vzZ_GVIKec2,K8vZ917G24f,0
G5vzZ_GVIKec2,K8vZ917hQBV,1
G5vzZ_GVIKec2,K8vZ917hQy7,2
Z7r9jZ1A7-yqZ,K8vZ917pG-f,0
Z7r9jZ1AAvK_b,Z7r9jZau25,0
G5vzZ_5ldYcXg,K8vZ917haF7,0
G5vzZ_5ldYcXg,K8vZ917hIXf,1
G5vzZ_5ldYcXg,K8vZ917qXTV,2
G5vzZ_5ldYcXg,K8vZ9173Iv0,3
Z7r9jZ1A7O744,K8vZ9179t70,0
G5vzZ_6r0j9uc,K8vZ917GaT0,0
G5vzZ_6r0j9uc,K8vZ917C4fV,1
G5vzZ_oNqmXmS,K8vZ9179Id0,0
G5vzZ_55-B5ym,K8vZ917Q067,0
G5vzZ_8heurUX,K8vZ91756G7,0
Z7r9jZ1A70IjO,K8vZ917Q067,0
Z7r9jZ1A7JvGZ,K8vZ917K5nV,0
Z7r9jZ1A7JvGZ,K8vZ9174xq0,1
Z7r9jZ1AAvdrp,Z7r9jZau25,0
rZ7HnEZ1Afaykf,K8vZ9179Yef,0
G5vzZ_CMhh5sv,K8vZ917uRmf,0
G5vzZ_Chk0baP,K8vZ917uRmf,0
Z7r9jZ1A7-Yas,K8vZ917QD-f,0
Z7r9jZ1A7PV4N,K8vZ917hkF7,0
Z7r9jZ1A7PV4N,K8vZ917hpSf,1
G5vzZ_6rPB64Q,K8vZ917GaT0,0
G5vzZ_6rPB64Q,K8vZ917C4fV,1
G5vzZ_6rPB64Q,K8vZ917uk8V,2
Z7r9jZ1AAZ8o3,K8vZ917paW0,0
Z7r9jZ1AAZ8o3,Z7r9jZap_d,1
Z7r9jZ1AAZ8o3,Z7r9jZa4jg,2
Z7r9jZ1AAZ8o3,Z7r9jZ1779O9,3
G5vzZ_8BV92ql,K8vZ917qD17,0
G5vzZ_8BV92ql,K8vZ917jpY0,1
G5vzZ_8BV92ql,K8vZ917Lv07,2
G5vzZ_8BV92ql,K8vZ917ryz0,3
G5vzZ_aelIQpN,K8vZ917bx2V,0
G5vzZ_aelIQpN,K8vZ917GIKV,1
G5vzZ_1r9tFrJ,K8vZ917jsV7,0
G5vzZ_1r9tFrJ,K8vZ917qgq7,1
G5vzZ_6r0S92s,K8vZ917GaT0,0
G5vzZ_6r0S92s,K8vZ917uk8V,1
Z7r9jZ1A7Jffk,K8vZ9172hP0,0
rZ7HnEZ1Afayu7,K8vZ9179Yef,0
G5vzZ_CQo507Q,K8vZ917bx2V,0
G5vzZ_CQo507Q,K8vZ917GIKV,1
G5vzZ_Chk0zaI,K8vZ917uRmf,0
rZ7HnEZ1Afa0Qf,K8vZ917hOy7,0
rZ7HnEZ1Afa0Qf,K8vZ917hOzV,1
G5vzZ_7YHqj28,K8vZ9179YL7,0
G5vzZ_GmTJuj8,K8vZ917bx2V,0
G5vzZ_GmTJuj8,K8vZ9179YL7,1
G5vzZ_GxVGbS1,K8vZ917pG40,0
G5vzZ_uFuY_2f,K8vZ917psO0,0
Z7r9jZ1AAZ7aU,K8vZ9175NQ0,0
1AtZkfKGkdsP8lU,K8vZ917uN7f,0
Z7r9jZ1A7PgGV,Z7r9jZaoQq,0
G5vzZ_2LxN6Z_,K8vZ917hcdf,0
G5vzZ_2LxN6Z_,K8vZ917rvWV,1
G5vzZ_2LxN6Z_,K8vZ917rtX0,2
G5vzZ_2LxN6Z_,K8vZ917r4Cf,3
G5vzZbzAVheD4,K8vZ9175430,0
G5vzZbzAVheD4,K8vZ917GSg7,1
Z7r9jZ1A7r9fs,K8vZ9175430,0
Z7r9jZ1A7r9fs,K8vZ917_hG0,1
Z7r9jZ1A7r9fs,Z7r9jZaooD,2
G5vzZ_2Kf6C3r,K8vZ917GEf0,0
G5vzZ_2Kf6C3r,K8vZ917Cduf,1
G5vzZ_2Kf6C3r,K8vZ917jWnV,2
G5vzZ_5RYtE-2,K8vZ9171Ckf,0
G5vzZ_uBgCQu9,K8vZ917bx2V,0
G5vzZ_uBgCQu9,K8vZ9171Ckf,1
Z7r9jZ1A70k7f,K8vZ917oTCf,0
Z7r9jZ1A70k7f,Z7r9jZa9dM,1
Z7r9jZ1AAZ8PF,K8vZ9178Z_7,0
G5vzZ_GmRkhCV,K8vZ917q9vf,0
G5vzZ_GmRkhCV,K8vZ917_daV,1
Z7r9jZ1A7-b_w,K8vZ917jYYf,0
1AtZkfbGkdgkoE8,K8vZ917j6rV,0
G5vzZ_1XQVIWV,K8vZ9171FDV,0
G5vzZ_55rZDix,K8vZ9171FDV,0
G5vzZ_55rZDix,K8vZ917b-Of,1
G5vzZ_CrPJUKo,K8vZ917hpbV,0
G5vzZ_CrPJUKo,K8vZ917Q5FV,1
G5vzZ_ueQ4Uc4,K8vZ917GQ47,0
Z7r9jZ1A70ye8,K8vZ9172JeV,0
Z7r9jZ1A7Jdj3,K8vZ917hpbV,0
Z7r9jZ1A7Jdj3,Z7r9jZ177P4f,1
Z7r9jZ1AAZsbE,Z7r9jZadu_,0
Z7r9jZ1AAZsbE,Z7r9jZa9qo,1
Z7r9jZ1AAZsbE,Z7r9jZ1774jb,2
Z7r9jZ1A7-0GF,K8vZ917pldV,0
Z7r9jZ1A7-0GF,K8vZ91750Af,1
G5vzZ_5zZcE3z,K8vZ917Kaef,0
Z7r9jZ1A7J_a4,K8vZ9171Spf,0
Z7r9jZ1A7J_a4,K8vZ9171XtV,1
Z7r9jZ1A70bo_,Z7r9jZa2ny,0
Z7r9jZ1A70vqz,K8vZ917_6ef,0
Z7r9jZ1A7O0qF,K8vZ9171580,0
Z7r9jZ1A7O0qF,K8vZ9171Qif,1
16tZk3bkZZA2d7Gu,K8vZ917CyR7,0
16tZk3bkZZA2d7Gu,K8vZ917hJ-V,1
G5vzZ_1DeZHF3,K8vZ9173kl0,0
G5vzZ_1DeZHF3,K8vZ917QEF0,1
G5vzZ_1DeZHF3,K8vZ917h770,2
G5vzZ_5wQAyl8,K8vZ9173kl0,0
G5vzZ_5wQAyl8,K8vZ917b-Of,1
G5vzZ_urH4l3t,K8vZ917qSTf,0
Z7r9jZ1A70vq-,K8vZ917CyR7,0
Z7r9jZ1A70vq-,K8vZ917hJ-V,1
Z7r9jZ1A7P3Q4,K8vZ917f8Jf,0
Z7r9jZ1A7P3Q4,Z7r9jZauPs,1
rZ7HnEZ1AfPooS,K8vZ9171K87,0
Z7r9jZ1A70JGP,K8vZ9175gW7,0
Z7r9jZ1A70JGP,K8vZ9173Vv7,1
G5vzZ_89En4GP,K8vZ9173nh0,0
Z7r9jZ1A7J6oo,K8vZ917GDo7,0
Z7r9jZ1A7J6oo,ZFr9jZ1Fav,1
Z7r9jZ1A7PU0P,K8vZ91716S0,0
Z7r9jZ1A7PU0P,Z7r9jZaCe0,1
Z7r9jZ1AAZOoU,K8vZ9173nh0,0
G5vzZ_8KJB71j,K8vZ917ChXV,0
G5vzZ_CTf25xe,K8vZ917hx_V,0
G5vzZ_CTf25xe,K8vZ917Lpjf,1
G5vzZ_aRcoUmU,K8vZ917CyR7,0
G5vzZ_o3zNqsK,K8vZ9174jJ7,0
G5vzZ_o3zNqsK,K8vZpaCiNe,1
G5vzZ_o3zNqsK,K8vZ917hfU0,2
G5vzZ_o3zNqsK,K8vZ917-hC7,3
G5vzZ_ueOeM8A,K8vZ917bx2V,0
G5vzZ_ueOeM8A,K8vZ9178YPf,1
Z7r9jZ1A707b3,K8vZ917CyR7,0
1Ae0Z_aGkSB_80C,K8vZ9175tB0,0
1Ae0Z_aGkSB_80C,K8vZ917h0qV,1
Z7r9jZ1A70AAk,K8vZ9175tB0,0
Z7r9jZ1A70AAk,Z7r9jZafws,1
Z7r9jZ1A7x4Qp,K8vZ917GcSf,0
Z7r9jZ1AAZ0aA,K8vZ9175gW7,0
Z7r9jZ1AAZ0aA,K8vZ9173Vv7,1
Z7r9jZ1AAZIGp,K8vZ9175qbf,0
1718v0G62Toh-vh,K8vZ917ph0f,0
1718v0G62Toh-vh,K8vZ917uE1V,1
G5vzZ_8K7-m0v,K8vZ917bAwV,0
G5vzZ_8K7-m0v,K8vZ917Ocv7,1
Z7r9jZ1A7-3bb,Z7r9jZa2wQ,0
Z7r9jZ1A70tPx,K8vZ917p5Lf,0
Z7r9jZ1A70tPx,K8vZ917KZcV,1
Z7r9jZ1A7P-jI,K8vZ917qxR7,0
Z7r9jZ1A7Pg_s,K8vZ9172o-0,0
Z7r9jZ1A7Pg_s,Z7r9jZauij,1
Z7r9jZ1AAZbjs,Z7r9jZa5sv,0
Z7r9jZ1AAZbjs,K8vZ917Ocv7,1
rZ7HnEZ1Afa_oV,K8vZ91750K7,0
G5vzZ_G5AW2id,K8vZ917QnM0,0
Z7r9jZ1A7PAPa,K8vZ917QnM0,0
rZ7HnEZ1Af13xf,K8vZ917o--f,0
G5vzZ_8KJHf1l,K8vZ917ChXV,0
Z7r9jZ1AAZ0ak,K8vZ9175gW7,0
Z7r9jZ1AAZ0ak,K8vZ9173Vv7,1
1718v0G6CMbxo4z,K8vZ917fs80,0
1718v0G6CMbxo4z,K8vZ917GDBf,1
1718v0G6CMbxo4z,K8vZ917j9Hf,2
1718v0G6CMbxo4z,K8vZ917bFLf,3
G5vzZ_8KJDf10,K8vZ917ChXV,0
G5vzZ_CJKgAw1,K8vZ917jPs0,0
G5vzZ_CJKgAw1,K8vZ917qHUf,1
G5vzZ_CJKgAw1,K8vZ9175AT7,2
G5vzZ_FL1wi9j,K8vZ917hT_0,0
G5vzZ_FL1wi9j,K8vZ917raj0,1
G5vzZ_FL1wi9j,K8vZ917-hm7,2
G5vzZ_FL1wi9j,K8vZ917-qU7,3
Z7r9jZ1A7x4Q4,K8vZ917GcSf,0
Z7r9jZ1AAZIGb,K8vZ9175qbf,0
G5vzZ_onQ9EoM,K8vZ9174S70,0
G5vzZ_onQ9EoM,K8vZ917bkp0,1
Z7r9jZ1A708-v,K8vZ917QKG0,0
Z7r9jZ1A7Pg_w,K8vZ9172o-0,0
Z7r9jZ1A7Pg_w,Z7r9jZaGsC,1
Z7r9jZ1A7Pvuo,K8vZ9174C6f,0
Z7r9jZ1A7Pw4s,K8vZ9175tB0,0
Z7r9jZ1A7Pw4s,Z7r9jZafws,1
Z7r9jZ1A7x9Ad,K8vZ917jf7V,0
Z7r9jZ1A7x9Ad,Z7r9jZ17790t,1
Z7r9jZ1AAZN48,Z7r9jZa5sv,0
Z7r9jZ1AAZN48,Z7r9jZ177Ku-,1
Z7r9jZ1A7Pfqv,K8vZ9174G6f,0
rZ7HnEZ1AfG4PV,K8vZ917uZqf,0
rZ7HnEZ1AfGakf,K8vZ9173T67,0
rZ7HnEZ1AfGauf,K8vZ917p52V,0
G5vzZ_31DCDb3,K8vZ917ocef,0
G5vzZ_FUokkC4,K8vZ917bnP0,0
G5vzZ_FUokkC4,K8vZ917GsJ7,1
G5vzZ_FUokkC4,K8vZ917OJSf,2
G5vzZ_apQJU0S,K8vZ917bnP0,0
G5vzZ_apQJU0S,K8vZ917b-Of,1
Z7r9jZ1A70b3v,K8vZ91735MV,0
Z7r9jZ1A70b3v,K8vZ917Qs00,1
Z7r9jZ1A7Jd7M,K8vZ917OPh0,0
Z7r9jZ1AAZFok,K8vZ9179fwV,0
Z7r9jZ1AAZFok,Z7r9jZ1770f9,1
1718v0G6CbGcsjK,K8vZ9173LyV,0
G5vzZ_19Z_cVa,K8vZ917oID0,0
G5vzZ_FBqSzYZ,K8vZ917bx2V,0
G5vzZ_FBqSzYZ,K8vZ917Kit0,1
G5vzZ_kS-YG8l,K8vZ917Kit0,0
G5vzZ_kS-YG8l,K8vZ917brhf,1
Z7r9jZ1A703Zy,K8vZ917oID0,0
Z7r9jZ1A70Iqv,K8vZ9171480,0
Z7r9jZ1A70z7b,K8vZ917Gx10,0
Z7r9jZ1A7Je_s,K8vZ9173LyV,0
Z7r9jZ1A7Pw4S,K8vZ917C2tf,0
G5vzZ_52GYqPQ,K8vZ917u1I7,0
G5vzZ_52GYqPQ,K8vZ917fZ-0,1
G5vzZ_52GYqPQ,K8vZ917peVf,2
G5vzZ_52GYqPQ,K8vZ917rRi7,3
G5vzZ_2KcPwzl,K8vZ917QRyf,0
G5vzZ_2KcPwzl,K8vZ917r9v0,1
G5vzZ_2KcPwzl,K8vZpauLTe,2
G5vzZ_uewza1S,K8vZ917OPh0,0
Z7r9jZ1A70tCb,Z7r9jZa8Oc,0
Z7r9jZ1A70tCb,Z7r9jZapjc,1
Z7r9jZ1A7PJ8A,Z7r9jZao7V,0
Z7r9jZ1A7PtJo,K8vZ91751C0,0
Z7r9jZ1AAZPuz,K8vZ9179vO0,0
G5vzZ_8noopQE,K8vZ9179vO0,0
G5vzZ_5nhWFMO,K8vZ917KFS0,0
G5vzZ_5nhWFMO,K8vZ9173Fz7,1
G5vzZ_5nhWFMO,K8vZ917K5b0,2
G5vzZ_5nhWFMO,K8vZ9172qYf,3
G5vzZ_Gg2XAu1,K8vZ9174lI7,0
G5vzZ_uQ-5bfe,K8vZ917Qca7,0
G5vzZ_uQ-5bfe,K8vZ917pZk7,1
G5vzZ_ud-3ckI,K8vZ917OPh0,0
Z7r9jZ1A7PKPx,K8vZ917Ce9f,0
Z7r9jZ1A7PKPx,K8vZ9179hO7,1
1718v0G6u02WYTD,K8vZ917hR-7,0
G5vzZ_8gzWPfM,K8vZ9179vO0,0
G5vzZ_ad_wXhx,K8vZ917CL3V,0
Z7r9jZ1A70-Og,Z7r9jZa8Oc,0
Z7r9jZ1A70-Og,Z7r9jZapjc,1
Z7r9jZ1AAZt0f,K8vZ9179vO0,0
G5vzZ_8DAfKQH,K8vZ9175eOV,0
G5vzZ_8DAfKQH,K8vZ917hQH7,1
Z7r9jZ1A7xKAS,K8vZ917rHFV,0
Z7r9jZ1A7xKAS,Z7r9jZ177Fpd,1
G5vzZ_2LkqOX8,K8vZ9179Dvf,0
G5vzZ_2LkqOX8,K8vZ917-apf,1
Z7r9jZ1AAZor_,K8vZ9173kZ0,0
Z7r9jZ1AAZor_,K8vZ9175c0V,1
Z7r9jZ1A7Pp_v,K8vZ917rpkf,0
G5vzZ_u2LpR8-,K8vZ917Q96f,0
G5vzZ_u2LpR8-,K8vZ917rzff,1
Z7r9jZ1A70NZ_,K8vZ9175_R0,0
Z7r9jZ1A70NZ_,K8vZ9175gsf,1
G5vzZ_2eUQnIT,K8vZ917b1x7,0
G5vzZ_oAMhwse,K8vZ917GQsf,0
Z7r9jZ1A7PVqJ,K8vZ917phs0,0
G5vzZ_GxolAJH,K8vZ917oaYf,0
Z7r9jZ1A7P8ud,K8vZ917oaYf,0
G5vzZ_1QVNjHB,K8vZ91715Of,0
G5vzZ_1QVNjHB,K8vZ9174WF0,1
G5vzZ_o64OiTd,K8vZ9179G97,0
G5vzZ_udAu1TO,K8vZ917G78V,0
G5vzZ_632CPOB,K8vZ917C_4f,0
G5vzZ_36twrgx,K8vZ9179G97,0
G5vzZ_ARt0CI4,K8vZ917uYv7,0
G5vzZ_GS52mdO,K8vZ917jwJ7,0
Z7r9jZ1A7JZ_-,Z7r9jZaG5B,0
Z7r9jZ1AAZgfM,Z7r9jZa2mZ,0
Z7r9jZ1AAZvuO,K8vZ9178MC7,0
Z7r9jZ1AAZvuO,K8vZ917hsRf,1
rZ7HnEZ1Af1ov7,K8vZ917_bFf,0
G5vzZ_2xp-9Me,K8vZ917h_U0,0
G5vzZ_2xp-9Me,K8vZ91731rV,1
G5vzZ_2xp-9Me,K8vZpZA6Evak,2
rZ7HnEZ1AfGJj0,K8vZ91731hf,0
rZ7HnEZ1AfGNJf,K8vZ9174_J0,0
Z7r9jZ1A7Po4V,K8vZ9174xq7,0
G5vzZ_5_zrSr4,K8vZ9172PLV,0
G5vzZ_5_zrSr4,K8vZ917hCKf,1
G5vzZ_3NdIbdl,K8vZ9171VQ7,0
G5vzZ_5QulPp0,K8vZ9174IH0,0
G5vzZ_5QulPp0,K8vZ917hZA7,1
Z7r9jZ1A7Pw4w,K8vZ9171iW7,0
1718v0G6u2nj-ep,K8vZ917CqIf,0
G5vzZ_1wyV1lW,K8vZ917GQQ0,0
G5vzZ_oCgRibm,K8vZ917GaEV,0
Z7r9jZ1A7PJFf,K8vZ917CqIf,0
Z7r9jZ1A7PK4P,K8vZ91792mV,0
Z7r9jZ1A7xvZ7,K8vZ917oV9f,0
Z7r9jZ1AAZM4x,K8vZ917GaEV,0
rZ7HnEZ1Af1ovV,K8vZ917_bFf,0
rZ7HnEZ1AfkoF7,K8vZ9171aZ0,0
Z7r9jZ1A7x3oS,K8vZ9174rTV,0
G5vzZ_o6vjnHf,K8vZ917bx2V,0
G5vzZ_o6vjnHf,K8vZ917rGH7,1
Z7r9jZ1A7Pw4V,K8vZ91715-f,0
Z7r9jZ1A7Pw4V,K8vZ9171Go7,1
Z7r9jZ1A707o6,K8vZ9171BZ7,0
Z7r9jZ1A707o6,K8vZ9171DO7,1
Z7r9jZ1A707o6,Z7r9jZafKR,2
Z7r9jZ1A70tGz,K8vZ917GQQ0,0
Z7r9jZ1A7Pg-6,K8vZ917CqIf,0
Z7r9jZ1A7Pg-6,Z7r9jZ177kJ6,1
Z7r9jZ1A7xZGY,K8vZ9171by7,0
Z7r9jZ1A7xZGY,K8vZ9175KoV,1
Z7r9jZ1A7xZGY,K8vZ917GJa7,2
Z7r9jZ1A7xZGY,Z7r9jZa2Qe,3
Z7r9jZ1AAZJqU,K8vZ9171GyV,0
Z7r9jZ1AAZJqU,Z7r9jZa325,1
Z7r9jZ1AAZJqU,Z7r9jZaCrc,2
G5vzZ_8M-XzHk,K8vZ917by4f,0
G5vzZ_8M-XzHk,K8vZ917r5SV,1
G5vzZ_8M-XzHk,K8vZ917LqU0,2
G5vzZ_8M-XzHk,K8vZ917LqP7,3
Z7r9jZ1A7JoqO,K8vZ91718rV,0
G5vzZ_83WWuD5,K8vZ917p7Jf,0
G5vzZ_83WWuD5,K8vZ917_HW7,1
Z7r9jZ1AAZbjA,K8vZ917p7Jf,0
Z7r9jZ1AAZbjA,K8vZ917_HW7,1
G5vzZ_GKGTltr,K8vZ917poh0,0
G5vzZ_C18wErg,K8vZ91718rV,0
Z7r9jZ1A708ve,Z7r9jZa2mV,0
Z7r9jZ1A7P4-3,K8vZ917u000,0
Z7r9jZ1A7P4-3,K8vZ9179Rkf,1
G5vzZ_8l-vdn4,K8vZ9174637,0
G5vzZ_8l-vdn4,K8vZpZA6aIAk,1
G5vzZ_8l-vdn4,K8vZ917h3vf,2
G5vzZ_GRvDuty,K8vZ9172yo0,0
G5vzZbUIYXc--,K8vZ9175jBV,0
G5vzZbUIYXc--,K8vZ917b-Of,1
G5vzZbUpm3JUT,K8vZ9175jBV,0
G5vzZbUpm3JUT,K8vZ917K5Nf,1
G5vzZbUpm3JUT,K8vZ9173cE7,2
G5vzZ_8cgYNzN,K8vZ9174s67,0
Z7r9jZ1A70Aqb,Z7r9jZauhP,0
Z7r9jZ1AAZJ84,K8vZ9174s67,0
G5vzZ_2pSnB5V,K8vZ917_Eq7,0
Z7r9jZ1A70_PF,K8vZ91752xV,0
Z7r9jZ1A70_PF,K8vZ9174My0,1
Z7r9jZ1A70_PF,Z7r9jZabuJ,2
G5vzZ_oNEqZzb,K8vZ917348f,0
G5vzZ_oNEqZzb,K8vZ9173X00,1
G5vzZ_uEjVVBz,K8vZ917hR-7,0
G5vzZ_uEjVVBz,K8vZ917bEOV,1
G5vzZ_uEjVVBz,K8vZ917qMW7,2
Z7r9jZ1A70Af7,K8vZ9171G4f,0
Z7r9jZ1A70Af7,Z7r9jZa5YN,1
Z7r9jZ1A70Af7,K8vZ917KhF7,2
Z7r9jZ1A70Af7,Z7r9jZ17790a,3
G5vzZ_5wI1DMl,K8vZ917GrQf,0
G5vzZ_G56wTgG,K8vZ917QIRf,0
Z7r9jZ1A7P7Ak,K8vZ917QIRf,0
Z7r9jZ1A70FFa,K8vZ917fZt0,0
Z7r9jZ1A70FFa,K8vZ9173JpV,1
G5vzZ_33WEx7j,K8vZ917Q9lf,0
G5vzZ_8rlfm9U,K8vZ917bx2V,0
G5vzZ_8rlfm9U,K8vZ9178ld0,1
G5vzZby1EhpS2,K8vZ917_9zV,0
G5vzZby1EhpS2,K8vZ917j48V,1
G5vzZ_uEZLLxE,K8vZ917jRz0,0
G5vzZ_uEZLLxE,K8vZ9179ht7,1
G5vzZ_uEZLLxE,K8vZ917hfYV,2
Z7r9jZ1A7Pwfx,K8vZ917jRz0,0
Z7r9jZ1A7Pwfx,K8vZ9179ht7,1
Z7r9jZ1A7Pwfx,Z7r9jZa9l1,2
Z7r9jZ1A7x6ua,K8vZ917_Eq7,0
Z7r9jZ1A7x6ua,K8vZ9175gW7,1
1718v0G62HYps1T,K8vZ9174TR0,0
1718v0G62HYps1T,K8vZ917hOyf,1
G5vzZ_8mpYE0h,K8vZ9172eq0,0
Z7r9jZ1A7-YqO,K8vZ917GzZV,0
Z7r9jZ1A7P9u-,K8vZ917GJmf,0
Z7r9jZ1AAZ4AN,Z7r9jZaCcp,0
Z7r9jZ1AAZ4AN,Z7r9jZapXd,1
rZ7HnEZ1Afa0f7,K8vZ9175o2V,0
Z7r9jZ1A7xaFa,K8vZ917oa37,0
rZ7HnEZ1AfFkoV,K8vZ917GMf7,0
rZ7HnEZ1AfG98V,K8vZ917GWEf,0
Z7r9jZ1A7Ovqv,K8vZ917CWUf,0
G5vzZ_uURfIzf,K8vZ917bx2V,0
G5vzZ_uURfIzf,K8vZ9178ld0,1
G5vzZ_CTP-Hgb,K8vZ917hdIV,0
G5vzZ_F2U0Hie,K8vZ917oFq7,0
G5vzZ_F2U0Hie,K8vZ917r9s7,1
1718v0G6u2WGs1_,K8vZ917jRz0,0
G5vzZ_2X6FgW0,K8vZ9174TR0,0
G5vzZ_2X6FgW0,K8vZ917hOyf,1
Z7r9jZ1A7JoPb,K8vZ9175qbf,0
Z7r9jZ1A7PJa8,K8vZ917jRz0,0
Z7r9jZ1A7xAZo,K8vZ917_Eq7,0
Z7r9jZ1A7xAZo,K8vZ9175gW7,1
G5vzZ_13TbrQr,K8vZ917b39f,0
G5vzZ_CB-JIvf,K8vZ917hCV7,0
Z7r9jZ1A7-yP7,K8vZ917bxlf,0
Z7r9jZ1A7J3At,K8vZ917hCV7,0
Z7r9jZ1AAvKqN,K8vZ9179PHf,0
G5vzZ_uURgFDv,K8vZ917bx2V,0
G5vzZ_uURgFDv,K8vZ9178ld0,1
Z7r9jZ1A70kOE,K8vZ917GiUV,0
Z7r9jZ1A70kOE,Z7r9jZ177AC8,1
Z7r9jZ1A7JoP9,K8vZ9175qbf,0
Z7r9jZ1A7O6_O,K8vZ917CWUf,0
G5vzZ_5MI64Cq,K8vZ917hKRV,0
G5vzZ_5MI64Cq,K8vZ917q0sf,1
G5vzZ_5MI64Cq,K8vZ917fYG0,2
1Ae0Z_kGklnAOLU,K8vZ9171bR0,0
1Ae0Z_kGklnAOLU,K8vZ9175x07,1
G5vzZ_om1NPJT,K8vZ917jmf7,0
Z7r9jZ1A7-0Ck,K8vZ9171bR0,0
Z7r9jZ1A7-0Ck,K8vZ9175x07,1
Z7r9jZ1A7-Ouv,K8vZ917hsO7,0
G5vzZ_1BwrQu_,K8vZ917okqf,0
G5vzZ_8I5_G1r,K8vZ9171pC0,0
G5vzZ_GRvyqtl,K8vZ917bx2V,0
G5vzZ_GRvyqtl,K8vZ917okqf,1
Z7r9jZ1A7x9kv,K8vZ917GiUV,0
Z7r9jZ1A7x9kv,Z7r9jZ177AC8,1
Z7r9jZ1AAZJF9,K8vZ9171pC0,0
G5vzZ_8M20K4Z,K8vZ917qyAf,0
Z7r9jZ1A7PfAb,K8vZ917Qlcf,0
G5vzZ_aUpxQSs,K8vZ917KQQV,0
G5vzZ_3lqEGIH,K8vZpau5-e,0
G5vzZ_k4yJfD0,K8vZ917GNYV,0
G5vzZ_k4yJfD0,K8vZ917GSuV,1
G5vzZ_k4yJfD0,K8vZ917rJ6f,2
Z7r9jZ1A7-Ojz,K8vZ917GNYV,0
Z7r9jZ1A7-Ojz,K8vZ917GSuV,1
Z7r9jZ1A7-Ojz,Z7r9jZafUH,2
G5vzZ_aBwilEA,K8vZ917KQQV,0
Z7r9jZ1AAZfxb,Z7r9jZaGP8,0
G5vzZ_8mcSnfN,K8vZ9172Kkf,0
G5vzZ_8mcSnfN,K8vZ917KAw0,1
G5vzZ_8mcSnfN,K8vZ917Q4Cf,2
G5vzZ_8mcSnfN,K8vZ917jxA7,3
G5vzZ_8mcSnfN,K8vZ917jjIf,4
G5vzZ_uCJAaPb,K8vZ917bktV,0
G5vzZ_uCJAaPb,K8vZ917OiXf,1
Z7r9jZ1AAZ3uZ,K8vZ917_aZf,0
G5vzZ_CNtkGGK,K8vZ917QBZ0,0
G5vzZ_o5N-0JZ,K8vZ9171fb0,0
Z7r9jZ1A7P-1a,K8vZ917oln0,0
Z7r9jZ1A7Psf0,K8vZ917GQQf,0
Z7r9jZ1A7Psf0,Z7r9jZa5RH,1
G5vzZ_19koCIM,K8vZ9175HH0,0
G5vzZ_19koCIM,K8vZ917oH6f,1
G5vzZ_19koCIM,K8vZ917GWb0,2
G5vzZ_19koCIM,K8vZ917Ldd0,3
G5vzZ_2QDTig-,K8vZ917h2v0,0
Z7r9jZ1AAvA8F,K8vZ917uvZ7,0
Z7r9jZ1AAvA8F,Z7r9jZ177I38,1
Z7r9jZ1AAvA8F,Z7r9jZa9y4,2
Z7r9jZ1AAvA8F,Z7r9jZ1778uA,3
Z7r9jZ1A70JG-,K8vZ9175gW7,0
Z7r9jZ1A7PVb7,Z7r9jZaGre,0
Z7r9jZ1AAv7AU,K8vZ9172hA7,0
Z7r9jZ1AAv7AU,Z7r9jZau-g,1
Z7r9jZ1AAv7AU,Z7r9jZ177tkv,2
Z7r9jZ1AAv7AU,Z7r9jZ177tke,3
G5vzZ_36tuCwv,K8vZ917CPbf,0
Z7r9jZ1A7PE4I,K8vZ917QzN7,0
Z7r9jZ1A7PE4I,Z7r9jZa3_3,1
Z7r9jZ1A7PE4I,Z7r9jZ1773o_,2
Z7r9jZ1A7PIoN,K8vZ917oln0,0
Z7r9jZ1AAv47F,K8vZ917CPbf,0
G5vzZ_o66YlJp,K8vZ9171L10,0
G5vzZ_G3prJzF,K8vZ9175Y30,0
G5vzZ_G3prJzF,K8vZ917GGe7,1
G5vzZ_G3prJzF,K8vZ9175prV,2
G5vzZ_G3prJzF,K8vZ917Gd2V,3
G5vzZ_GRvTun7,K8vZ917CDEV,0
G5vzZ_GRvTun7,K8vZ917GZgf,1
G5vzZ_GRvTun7,K8vZ917QJp0,2
G5vzZ_G2YXKwn,K8vZ917b-I0,0
G5vzZ_G2YXKwn,K8vZ917-hi0,1
Z7r9jZ1A7--ke,K8vZ917Gk00,0
G5vzZ_o66Jl0U,K8vZ9171L10,0
Z7r9jZ1A707P9,K8vZ9175gW7,0
Z7r9jZ1A7Pwb3,K8vZ917_bn0,0
Z7r9jZ1AAZkA-,K8vZ917_h1f,0
Z7r9jZ1AAZkA-,K8vZ917Gwq7,1
Z7r9jZ1AAZkA-,Z7r9jZ177AA9,2
Z7r9jZ1AAZkA-,Z7r9jZ1776_I,3
Z7r9jZ1A70JGs,K8vZ9175gW7,0
G5vzZ_3NuRbmP,K8vZ9171L10,0
G5vzZ_1Kxjfbe,K8vZ91712F0,0
G5vzZ_1he_r2t,K8vZ91712F0,0
G5vzZ_1he_r2t,K8vZ917b-Of,1
G5vzZ_3N2dzSm,K8vZ9171L10,0
G5vzZ_890iVPs,K8vZ9173it7,0
G5vzZ_890iVPs,K8vZ917_x2f,1
G5vzZ_890iVPs,K8vZ917OWL0,2
Z7r9jZ1AAZO8t,Z7r9jZaarQ,0
Z7r9jZ1AAZO8t,Z7r9jZa3oT,1
Z7r9jZ1AAZO8t,K8vZ917OWL0,2
Z7r9jZ1A7P8Oa,K8vZ917peEV,0
Z7r9jZ1A7P8Oa,K8vZ917_0yV,1
G5vzZ_33Wiek4,K8vZ9178GEf,0
G5vzZ_oKOhAO4,K8vZ917pl40,0
G5vzZ_oKk7Lnw,K8vZ917r6a0,0
G5vzZ_oKk7Lnw,K8vZ917_QAV,1
G5vzZ_oKk7Lnw,K8vZpZA6IIvk,2
G5vzZ_oXfsVYW,K8vZ917CNYV,0
Z7r9jZ1A70IuS,K8vZ917bm20,0
Z7r9jZ1AAZyOs,K8vZ917f1M7,0
G5vzZ_8Uziu12,K8vZ917_W50,0
G5vzZ_8Uziu12,K8vZ917j-p0,1
G5vzZ_8Uziu12,K8vZ917qojf,2
G5vzZ_8Uziu12,K8vZ917L6WV,3
G5vzZ_8Uziu12,K8vZpZA6ndJk,4
G5vzZ_udVjCjg,K8vZ9175_of,0
G5vzZ_udVjCjg,K8vZ917_027,1
G5vzZ_udVjCjg,K8vZ917hL7V,2
G5vzZ_3lGBlfR,K8vZ917r0yV,0
G5vzZ_3lGBlfR,K8vZ917uMQ7,1
G5vzZ_uBb6M1Z,K8vZ9171oqV,0
G5vzZ_uBb6M1Z,K8vZ9179PU7,1
Z7r9jZ1A7Pw4g,K8vZ917fhC0,0
Z7r9jZ1A7Pw4g,K8vZ917h0kV,1
Z7r9jZ1A7Pe-g,K8vZ917bm20,0
Z7r9jZ1A7x9pF,K8vZ917ofM0,0
Z7r9jZ1A7x9pF,K8vZ917Kh37,1
Z7r9jZ1A7x9pF,Z7r9jZapkU,2
rZ7HnEZ1Af16aV,K8vZ917CpfV,0
Z7r9jZ1AAvI-d,K8vZ9175qbf,0
Z7r9jZ1AAvI-d,K8vZ917138f,1
Z7r9jZ1A7PvbV,K8vZ9175gW7,0
G5vzZ_GmTsqqG,K8vZ9175znf,0
G5vzZ_oRQXwUL,K8vZ917b7iV,0
G5vzZ_oRQXwUL,K8vZpZA6ItAk,1
1718v0G62895owQ,K8vZ917_qX0,0
1718v0G62895owQ,K8vZ917C5W7,1
Z7r9jZ1A7PeOJ,K8vZ9175JA7,0
Z7r9jZ1A7PeOJ,K8vZ91719yV,1
Z7r9jZ1A7PeOJ,K8vZ9178oPV,2
Z7r9jZ1AAZdF3,Z7r9jZa8RS,0
Z7r9jZ1AAZdF3,Z7r9jZaK--,1
G5vzZ_8ULAUXJ,K8vZ917jjp7,0
G5vzZ_8ULAUXJ,K8vZ917_Jr7,1
Z7r9jZ1A7P-of,K8vZ917Gi3f,0
Z7r9jZ1A7P-of,K8vZ917GYbf,1
Z7r9jZ1A7P-of,K8vZ9175m57,2
Z7r9jZ1A7P-of,K8vZ917O6iV,3
Z7r9jZ1A7J3j8,K8vZ9175Nef,0
Z7r9jZ1A7Pw4U,K8vZ9175Oc0,0
Z7r9jZ1A7Pw4U,K8vZ917fauV,1
Z7r9jZ1AAZYG_,K8vZ917Qc77,0
Z7r9jZ1AAZYG_,Z7r9jZ17788z,1
Z7r9jZ1A7PVbS,K8vZ917f1-0,0
Z7r9jZ1AAZO-7,K8vZ9175wP7,0
1718v0G61NkBsY3,K8vZ9175Oc0,0
1718v0G61NkBsY3,K8vZ917fauV,1
G5vzZ_55Eui2W,K8vZ917_vc7,0
G5vzZ_55Eui2W,K8vZ9179iX7,1
G5vzZ_5w29b6K,K8vZ917_vc7,0
G5vzZ_5w29b6K,K8vZ917b-Of,1
Z7r9jZ1A70489,K8vZ9175Oc0,0
G5vzZ_Gmp_Mzu,K8vZ9179eGV,0
G5vzZ_Gmp_Mzu,K8vZ917_kB0,1
G5vzZ_Gmp_Mzu,K8vZ917_dVf,2
G5vzZ_FlLyLOb,K8vZ9178yo7,0
G5vzZ_5lHXEdG,K8vZ917_vc7,0
G5vzZ_5lHXEdG,K8vZ9179iX7,1
G5vzZ_5woJzrM,K8vZ917_vc7,0
G5vzZ_5woJzrM,K8vZ917b-Of,1
Z7r9jZ1AAZkAw,K8vZ917_qH7,0
Z7r9jZ1AAZkAw,Z7r9jZ1779bY,1
Z7r9jZ1AAvNP0,K8vZ9172COf,0
Z7r9jZ1AAvNP0,Z7r9jZ177-17,1
G5vzZ_aexByha,K8vZ9174Sq0,0
G5vzZ_aexByha,K8vZ91715N0,1
G5vzZ_aexByha,K8vZ9175dt0,2
G5vzZ_aexByha,K8vZ9175EmV,3
G5vzZ_aexByha,K8vZ91715qf,4
G5vzZ_aexByha,K8vZ917ug2f,5
G5vzZ_aexByha,K8vZ917h9D0,6
G5vzZ_aexByha,K8vZ917GD70,7
G5vzZ_aexByha,K8vZ917oAg7,8
G5vzZ_aexByha,K8vZ917ukb0,9
G5vzZ_aexByha,K8vZ9172fFf,10
G5vzZ_Cz17Qno,K8vZ917Gmff,0
G5vzZ_Cz17Qno,K8vZ917GQfV,1
G5vzZ_Cz17Qno,K8vZ917pI-f,2
G5vzZ_Cz17Qno,K8vZ917rz_7,3
G5vzZ_aeOqyaj,K8vZ9174Sq0,0
G5vzZ_aeOqyaj,K8vZ91715N0,1
G5vzZ_aeOqyaj,K8vZ9175EmV,2
G5vzZ_aeOqyaj,K8vZ91715qf,3
G5vzZ_aeOqyaj,K8vZ917ug2f,4
G5vzZ_aeOqyaj,K8vZ917h9D0,5
G5vzZ_GK22DsH,K8vZ917pP5V,0
Z7r9jZ1A7PfJK,K8vZ917pAzV,0
Z7r9jZ1A7PfJK,Z7r9jZa3sX,1
Z7r9jZ1A7PVjk,K8vZ917KAS7,0
G5vzZ_aexQt9c,K8vZ9174Sq0,0
G5vzZ_aexQt9c,K8vZ91715N0,1
G5vzZ_aexQt9c,K8vZ9175dt0,2
G5vzZ_aexQt9c,K8vZ9175EmV,3
G5vzZ_aexQt9c,K8vZ91715qf,4
G5vzZ_aexQt9c,K8vZ917ug2f,5
G5vzZ_aexQt9c,K8vZ917h9D0,6
G5vzZ_aexQt9c,K8vZ917GD70,7
G5vzZ_aexQt9c,K8vZ917oAg7,8
G5vzZ_aexQt9c,K8vZ917ukb0,9
G5vzZ_aexQt9c,K8vZ9172fFf,10
G5vzZ_ae-L_oS,K8vZ9174Sq0,0
G5vzZ_ae-L_oS,K8vZ9175dt0,1
G5vzZ_ae-L_oS,K8vZ917GD70,2
G5vzZ_ae-L_oS,K8vZ917oAg7,3
G5vzZ_ae-L_oS,K8vZ917ukb0,4
G5vzZ_ae-L_oS,K8vZ9172fFf,5
Z7r9jZ1A70A8y,K8vZ9175gW7,0
Z7r9jZ1A70tCF,K8vZ917u8xf,0
Z7r9jZ1A70tCF,Z7r9jZaatu,1
G5vzZ_Gsc7Kag,K8vZ917bx2V,0
G5vzZ_Gsc7Kag,K8vZ9175ToV,1
G5vzZ_1mBX_sF,K8vZ917K8TV,0
G5vzZ_2DlxfRU,K8vZ917qoSV,0
Z7r9jZ1A7PSaM,K8vZ917j2XV,0
G5vzZ_325vm12,K8vZ9178QEf,0
Z7r9jZ1A7Pk3_,K8vZ917QghV,0
G5vzZ_53YPlC7,K8vZ9175lTV,0
G5vzZ_53YPlC7,K8vZ917GBs0,1
G5vzZ_53YPlC7,K8vZ91720QV,2
G5vzZ_8pBmuSp,K8vZ917rptf,0
G5vzZ_8pBmuSp,K8vZ917rYp0,1
Z7r9jZ1A70d4f,K8vZ9171uaV,0
Z7r9jZ1A70d4f,K8vZ9171fEV,1
Z7r9jZ1A70d4f,K8vZ91714R0,2
G5vzZ_8U_UAYk,K8vZ9175T17,0
G5vzZ_8U_UAYk,K8vZ917-bbf,1
G5vzZ_8U_UAYk,K8vZ917Cz1V,2
G5vzZ_o1n2HqL,K8vZ9175T17,0
G5vzZ_o1n2HqL,K8vZ917b-Of,1
G5vzZ_3xEW44i,K8vZ917LhMf,0
G5vzZ_C-Oss-f,K8vZ91713v0,0
G5vzZ_2T2Jz29,K8vZ9172kS7,0
Z7r9jZ1A70JGp,K8vZ9175gW7,0
Z7r9jZ1A7PK4E,K8vZ917qNK7,0
rZ7HnEZ1AfP0oN,K8vZ9171Km0,0
G5vzZ_oJ0Eye-,K8vZ917qDF7,0
G5vzZ_oJ0Ntv_,K8vZ917qDF7,0
Z7r9jZ1A70JuK,K8vZ9175gW7,0
G5vzZ_1SIgr2S,K8vZ9178zM0,0
G5vzZ_1SIgr2S,K8vZ9178Nb0,1
G5vzZ_1SIgr2S,K8vZfZ7aEak,2
G5vzZ_1SIgr2S,K8vZ917hOD0,3
G5vzZ_196hmUm,K8vZ9174fnV,0
G5vzZ_196hmUm,K8vZ917uoHV,1
G5vzZ_196hmUm,K8vZ917GBU7,2
Z7r9jZ1A70JGz,K8vZ9175gW7,0
G5vzZ_3N2yIUP,K8vZ917h4T0,0
Z7r9jZ1AAZPeZ,K8vZ9178970,0
G5vzZ_oJ0ladB,K8vZ917qDF7,0
Z7r9jZ1A70JbA,K8vZ9175gW7,0
G5vzZ_8n0IbXV,K8vZ917GmA0,0
G5vzZ_8n0IbXV,K8vZ917GI6f,1
G5vzZ_8n0IbXV,K8vZ917fmPf,2
G5vzZ_8n0IbXV,K8vZ917jl_7,3
Z7r9jZ1AAZdby,K8vZ9175Ylf,0
Z7r9jZ1AAZdby,K8vZ9171n_V,1
Z7r9jZ1AAZdby,K8vZ917_qm7,2
Z7r9jZ1AAZdby,K8vZ917_6u7,3
Z7r9jZ1AAv7jd,K8vZ91786uV,0
Z7r9jZ1AAv7jd,Z7r9jZaoJ4,1
Z7r9jZ1AAvsQ4,K8vZ917fYhV,0
Z7r9jZ1A70JuN,K8vZ917ujRV,0
Z7r9jZ1A70JuN,K8vZ9175gW7,1
Z7r9jZ1A70JGS,K8vZ9175gW7,0
Z7r9jZ1A70JGS,Z7r9jZaFm0,1
Z7r9jZ1A7Pojw,K8vZ917hal7,0
G5vzZ_o6vFBBC,K8vZ917-b3f,0
Z7r9jZ1AAZF8o,K8vZ9175nZV,0
1Ae0Z_3GkzsioO0,K8vZ9175397,0
G5vzZ_ArM9BiG,K8vZ917LpM0,0
Z7r9jZ1A7P8Ob,K8vZ917hal7,0
Z7r9jZ1AAZZa0,K8vZ917_wU0,0
Z7r9jZ1AAZZa0,Z7r9jZa3Qg,1
Z7r9jZ1AAv_fe,Z7r9jZaFq3,0
Z7r9jZ1AAvtPU,K8vZ9175397,0
rZ7HnEZ1AfJ38S,K8vZ917GE40,0
Z7r9jZ1A70tPF,K8vZ9175nZV,0
Z7r9jZ1AAvdAE,K8vZ9175qbf,0
G5vzZ_3mStaLC,K8vZ9175397,0
Z7r9jZ1AAZ8u-,K8vZ9175nZV,0
G5vzZ_35A2jKt,K8vZ917GQ-V,0
G5vzZ_35A2jKt,K8vZ917uOQV,1
G5vzZ_5zhOsLS,K8vZ917Gj_f,0
Z7r9jZ1A70b3Z,K8vZ917ruB7,0
Z7r9jZ1A70w78,Z7r9jZauMA,0
Z7r9jZ1A70w78,Z7r9jZauhW,1
Z7r9jZ1AAZ8o0,K8vZ9173gI7,0
Z7r9jZ1AAZ8o0,K8vZ917QmPf,1
Z7r9jZ1A7P-4I,K8vZ917r9-V,0
Z7r9jZ1A70-OF,K8vZ917ruB7,0
Z7r9jZ1AAZt7P,K8vZ9175qbf,0
G5vzZ_8mEraQD,K8vZ917GSGV,0
G5vzZ_8mEraQD,K8vZ9171OGf,1
G5vzZ_8mEraQD,K8vZ917KaH7,2
Z7r9jZ1A7Jo-y,K8vZ9175qbf,0
Z7r9jZ1A70Ju3,K8vZ9175gW7,0
Z7r9jZ1A70JuP,K8vZ91745r7,0
Z7r9jZ1A70JuP,K8vZ9175gW7,1
Z7r9jZ1A70JuJ,K8vZ91745r7,0
Z7r9jZ1A70JuJ,K8vZ9175gW7,1
Z7r9jZ1A70Ju0,K8vZ91745r7,0
Z7r9jZ1A70Ju0,K8vZ9175gW7,1
G5vzZ_3JfKPE7,K8vZ9171860,0
Z7r9jZ1A70JG4,K8vZ9175gW7,0
Z7r9jZ1A70Ju7,K8vZ9175gW7,0
Z7r9jZ1A70Jud,K8vZ9175gW7,0
1Ae0Z_3GkiHvsFG,K8vZ917r-u0,0
Z7r9jZ1A7PdCp,K8vZ9175gW7,0
G5vzZ_2KjCL7N,K8vZ917hOw0,0
G5vzZ_2KjCL7N,K8vZ917hxK7,1
G5vzZ_3E0Fj9Q,K8vZ917ryx0,0
Z7r9jZ1A7x714,K8vZ917qXKV,0
Z7r9jZ1AAZtkv,K8vZ9175qbf,0
G5vzZ_3niiz9S,K8vZ917C930,0
Z7r9jZ1AAvJeK,K8vZ917C930,0
Z7r9jZ1AAZtke,K8vZ9175qbf,0
Z7r9jZ1AAZeJv,K8vZ9171upV,0
Z7r9jZ1A70JuF,K8vZ9175gW7,0
Z7r9jZ1A7-boZ,K8vZ9175rm0,0
Z7r9jZ1AAv4Fa,K8vZ917faj7,0
Z7r9jZ1A7PFGy,K8vZ917uABV,0
G5vzZ_6e-A6fU,K8vZ917bx2V,0
G5vzZ_6e-A6fU,K8vZ917ooQ7,1
Z7r9jZ1A70JGK,K8vZ9175gW7,0
G5vzZ_3JMOzt2,K8vZ9172nbf,0
G5vzZ_Cr8XVJQ,K8vZ9171_n7,0
G5vzZ_u2hqXBT,K8vZ9175yK0,0
G5vzZ_uJhDalj,K8vZ9175yK0,0
G5vzZ_uJhDalj,K8vZ917b-Of,1
Z7r9jZ1AAZIu0,K8vZ9171u40,0
Z7r9jZ1AAZIu0,K8vZ9175qbf,1
G5vzZ_KdPwjuE,K8vZ917QIn7,0
G5vzZ_uxsH5y5,K8vZ9171Yqf,0
Z7r9jZ1A70tu4,K8vZ9178627,0
Z7r9jZ1A70tu4,K8vZ9172MOV,1
Z7r9jZ1A70tu4,K8vZ917bnk0,2
Z7r9jZ1A70tu4,Z7r9jZaopT,3
Z7r9jZ1AAZEPN,K8vZ9179mR7,0
Z7r9jZ1AAZEPN,Z7r9jZ177tkd,1
Z7r9jZ1AAZEPN,Z7r9jZ177tk7,2
Z7r9jZ1AAZEPN,Z7r9jZ177tkA,3
G5vzZ_3CFJPyQ,K8vZ917OPfV,0
G5vzZ_3CFJPyQ,K8vZ917r_Tf,1
G5vzZ_3CFJPyQ,K8vZ917-OVf,2
Z7r9jZ1A70JGf,K8vZ9175gW7,0
Z7r9jZ1AAZtvS,K8vZ9175qbf,0
G5vzZ_o3iVhXH,K8vZ917qyp7,0
Z7r9jZ1A70JGM,K8vZ9175gW7,0
Z7r9jZ1AAZtvV,K8vZ9175qbf,0
Z7r9jZ1AAZV0V,K8vZ917bnoV,0
Z7r9jZ1AAZyOw,K8vZ9174IO0,0
Z7r9jZ1A70Juv,K8vZ9175gW7,0
G5vzZ_oE6FCeI,K8vZ9173RN0,0
G5vzZ_oE6FCeI,K8vZ917o9c7,1
G5vzZ_oE6FCeI,K8vZ917qSBf,2
Z7r9jZ1AAZtok,K8vZ9175qbf,0
Z7r9jZ1A70Jue,K8vZ9175gW7,0
Z7r9jZ1A70Jue,K8vZ917GeR7,1
Z7r9jZ1AAZto6,K8vZ9175qbf,0
G5vzZ_GCrLtbm,K8vZ917fIMf,0
Z7r9jZ1A70VfE,K8vZ91713FV,0
Z7r9jZ1AAZtZk,K8vZ91752V7,0
Z7r9jZ1AAZtZk,K8vZ9175qbf,1
Z7r9jZ1A7Pf46,K8vZ917ofYf,0
Z7r9jZ1A70JGt,K8vZ9175gW7,0
Z7r9jZ1A70JGt,K8vZ917KvV7,1
Z7r9jZ1A7JoxZ,K8vZ91752V7,0
Z7r9jZ1A70_-g,K8vZ9171wrV,0
Z7r9jZ1A7PJ-S,K8vZ917ofYf,0
Z7r9jZ1A70_P7,K8vZ9171wrV,0
Z7r9jZ1A70JGg,K8vZ9175gW7,0
Z7r9jZ1A70JuZ,K8vZ9175gW7,0
Z7r9jZ1AAZto7,K8vZ9175qbf,0
Z7r9jZ1AAZzat,K8vZ917_UO7,0
Z7r9jZ1A70JjM,K8vZ9175gW7,0
Z7r9jZ1AAZtoA,K8vZ9175qbf,0
Z7r9jZ1AAvkbw,K8vZ9171BM0,0
G5vzZ_8mbT6VK,K8vZ917C_4f,0
G5vzZ_KeilE5w,K8vZ917ubK0,0
Z7r9jZ1AAvx0-,K8vZ917hryf,0
1Ae0Z_3GkIsHYXg,K8vZ917pZ37,0
G5vzZ_3XqU4b6,K8vZ917pZ37,0
Z7r9jZ1AAvJjZ,K8vZ917pZ37,0
Z7r9jZ1A70Ju8,K8vZ9175gW7,0
Z7r9jZ1A70Ju8,Z7r9jZa7B9,1
Z7r9jZ1A70Juf,K8vZ9175gW7,0
Z7r9jZ1A70Juf,Z7r9jZa7B9,1
Z7r9jZ1A70JGE,K8vZ9175gW7,0
Z7r9jZ1A70JGE,Z7r9jZa7B9,1
Z7r9jZ1A70g46,K8vZ917oXa7,0
G5vzZ_2S6pcvP,K8vZ917hy0f,0
Z7r9jZ1A70boP,Z7r9jZaCF9,0
Z7r9jZ1A70boP,K8vZ9175gW7,1
Z7r9jZ1AAZ4xf,K8vZ9175qbf,0
Z7r9jZ1AAZ4xK,K8vZ9175qbf,0
Z7r9jZ1AAZIvY,K8vZ9171O9f,0
Z7r9jZ1AAZIvY,K8vZ917497f,1
G5vzZ_CL6UyOd,K8vZ917hCoV,0
G5vzZ_3mnVFjD,K8vZ917KSff,0
G5vzZ_3mnVFjD,K8vZ917jFj7,1
G5vzZ_31CTAgx,K8vZ917oOyf,0
G5vzZ_31CTAgx,K8vZ917C1u7,1
Z7r9jZ1A70v48,K8vZ917_bK0,0
Z7r9jZ1A7PK0S,K8vZ917K9M7,0
Z7r9jZ1A70JuA,K8vZ9175gW7,0
Z7r9jZ1A70Jbk,K8vZ9175gW7,0
Z7r9jZ1A70Juo,K8vZ9175gW7,0
G5vzZ_8rNYuuu,K8vZ917GR17,0
Z7r9jZ1A70dvv,K8vZ9175gW7,0
Z7r9jZ1A70JG0,K8vZ9175gW7,0
Z7r9jZ1A70Jua,K8vZ9175gW7,0
Z7r9jZ1A7J3av,K8vZ9175qbf,0
Z7r9jZ1A70JGx,K8vZ9175gW7,0
Z7r9jZ1A7J3ae,K8vZ9175qbf,0
Z7r9jZ1A70JGU,K8vZ9175gW7,0
G5vzZ_1LSPOiU,K8vZ9174OHV,0
G5vzZ_1myctnK,K8vZ9174OHV,0
G5vzZ_1myctnK,K8vZ917b-Of,1
Z7r9jZ1A70JGY,K8vZ9175gW7,0
Z7r9jZ1A70JuY,Z7r9jZa8Tb,0
Z7r9jZ1A70JuY,K8vZ9175gW7,1
Z7r9jZ1AAZtZf,K8vZ9175qbf,0
Z7r9jZ1A70Jus,Z7r9jZa8Tb,0
Z7r9jZ1A70Jus,K8vZ9175gW7,1
Z7r9jZ1AAZtZp,K8vZ9175qbf,0
Z7r9jZ1A70Ju6,K8vZ9175gW7,0
Z7r9jZ1A70Ju6,K8vZ917uw57,1
Z7r9jZ1A70JG9,K8vZ9175gW7,0
Z7r9jZ1A70JG9,K8vZ917uw57,1
Z7r9jZ1A70JGJ,K8vZ9175gW7,0
Z7r9jZ1A70JGJ,K8vZ917uw57,1
Z7r9jZ1A7PdZg,K8vZ91781_0,0
Z7r9jZ1AAZgov,K8vZ917G3QV,0
G5vzZ_8l39sxz,K8vZ917KVr7,0
G5vzZ_8l39sxz,K8vZ917Qyyf,1
G5vzZ_8l39sxz,K8vZ917Q9M0,2
G5vzZ_8l39sxz,K8vZ91711d7,3
G5vzZ_8l39sxz,K8vZ917KRkV,4
G5vzZ_3K6u08y,K8vZ9171f30,0
G5vzZ_3K6u08y,K8vZ917G5G0,1
G5vzZ_3K6u08y,K8vZ91713kV,2
G5vzZ_3K6u08y,K8vZ9172xrV,3
Z7r9jZ1A7qU14,K8vZ917135f,0
Z7r9jZ1A7r6o4,K8vZ917135f,0
G5vzZ_k3QJbl5,K8vZ917_Ns0,1
G5vzZ_3T62IM_,K8vZ917bx2V,0
G5vzZ_3T62IM_,K8vZ9175WGV,1
Z7r9jZ1AAvNZ9,K8vZ9171L10,0
Z7r9jZ1AAvNZE,K8vZ9171L10,0
1k18vPGvGA5BoZB,K8vZ91719JV,0
G5vzZ_3XNsPzV,K8vZ917Q197,0
G5vzZ_3XNsPzV,K8vZ917Q5K0,1
